-- phpMyAdmin SQL Dump
-- version 5.2.1
-- https://www.phpmyadmin.net/
--
-- Host: localhost
-- Generation Time: Mar 05, 2026 at 04:21 AM
-- Server version: 10.4.28-MariaDB
-- PHP Version: 8.2.4

SET SQL_MODE = "NO_AUTO_VALUE_ON_ZERO";
START TRANSACTION;
SET time_zone = "+00:00";


/*!40101 SET @OLD_CHARACTER_SET_CLIENT=@@CHARACTER_SET_CLIENT */;
/*!40101 SET @OLD_CHARACTER_SET_RESULTS=@@CHARACTER_SET_RESULTS */;
/*!40101 SET @OLD_COLLATION_CONNECTION=@@COLLATION_CONNECTION */;
/*!40101 SET NAMES utf8mb4 */;

--
-- Database: `myfood`
--
CREATE DATABASE IF NOT EXISTS `myfood` DEFAULT CHARACTER SET utf8mb4 COLLATE utf8mb4_general_ci;
USE `myfood`;

-- --------------------------------------------------------

--
-- Table structure for table `ai_saved_menus`
--

CREATE TABLE `ai_saved_menus` (
  `id` int(11) NOT NULL,
  `user_id` int(11) NOT NULL,
  `menu_name` varchar(255) NOT NULL,
  `calories` int(11) DEFAULT 0,
  `description` text DEFAULT NULL,
  `created_at` timestamp NOT NULL DEFAULT current_timestamp()
) ENGINE=InnoDB DEFAULT CHARSET=utf8mb4 COLLATE=utf8mb4_general_ci;

--
-- Dumping data for table `ai_saved_menus`
--

INSERT INTO `ai_saved_menus` (`id`, `user_id`, `menu_name`, `calories`, `description`, `created_at`) VALUES
(1, 5, 'สเต็กเนื้อริบอายเสิร์ฟคู่ไข่ดาวและมันฝรั่งอบ', 850, 'เนื้อริบอายย่างความสุกตามชอบ เสิร์ฟพร้อมไข่ดาว 2 ฟอง มันฝรั่งอบ และผักย่าง เป็นมื้อที่ให้พลังงานสูงและโปรตีนเน้นๆ', '2026-02-12 15:29:35'),
(2, 5, 'ข้าวหน้าเนื้อญี่ปุ่น (Gyudon) เพิ่มไข่ออนเซ็นคู่', 720, 'เนื้อสไลด์ผัดซอสญี่ปุ่นรสหวานเค็ม ราดบนข้าวสวยร้อนๆ พร้อมไข่ออนเซ็น 2 ฟอง ช่วยเพิ่มความละมุนและพลังงาน', '2026-02-12 15:29:36'),
(3, 5, 'กะเพราเนื้อสับราดข้าวไข่ดาวกรอบ (ไซส์พิเศษ)', 680, 'ผัดกะเพราเนื้อสับรสจัดจ้าน ใช้เนื้อวัวคุณภาพดี เสิร์ฟพร้อมข้าวสวยและไข่ดาวขอบกรอบๆ 2 ฟอง', '2026-02-12 15:29:37'),
(4, 5, 'อกไก่นึ่งสมุนไพรและไข่ต้ม ทานคู่กับข้าวกล้องและผักลวก', 650, 'เมนูโปรตีนสะอาด โซเดียมต่ำ ใช้สมุนไพรสดเพิ่มกลิ่นหอมแทนการใช้ซอสปรุงรสเยอะๆ เหมาะสำหรับผู้ควบคุมความดัน', '2026-02-12 17:22:14'),
(5, 5, 'ไก่ผัดขิงใส่ไข่ขาวและเห็ดหูหนู (สูตรลดโซเดียม)', 580, 'ขิงช่วยระบบไหลเวียนโลหิต ใช้ไข่ขาวเพื่อลดคอเลสเตอรอล ปรุงรสด้วยซีอิ๊วโซเดียมต่ำและไม่ใส่น้ำตาล', '2026-02-12 17:22:16'),
(6, 5, 'สลัดอกไก่ย่างและไข่ต้มซอสโยเกิร์ตมะนาว', 520, 'ใช้การย่างอกไก่แบบไม่ติดมัน ทานกับผักใบเขียวหลากหลายสี ช่วยเรื่องใยอาหารเพื่อชะลอการดูดซึมน้ำตาล', '2026-02-12 17:22:17'),
(7, 6, 'กะเพราสันในหมูน้ำมันรำข้าว', 320, 'ใช้เนื้อส่วนสันในที่นุ่มและไขมันน้อย ผัดกับใบกะเพราสดช่วยขับลม และใช้น้ำมันรำข้าวเพียงเล็กน้อย', '2026-02-17 15:18:53'),
(8, 6, 'หมูมะนาวรสเด็ดพร้อมผักเคียง', 250, 'หมูเนื้อแดงลวกสุกกำลังดี ราดน้ำยำรสเปรี้ยวแซ่บ เสิร์ฟคู่กับก้านคะน้ากรอบและกระเทียมฝาน ช่วยเสริมภูมิคุ้มกัน', '2026-02-17 15:18:54'),
(9, 6, 'หมูผัดขิงและเห็ดหูหนู', 280, 'เมนูช่วยระบบย่อยอาหารและลดคอเลสเตอรอล ใช้เนื้อหมูไม่ติดมันผัดกับขิงอ่อนที่มีสรรพคุณอุ่นร่างกาย', '2026-02-17 15:18:54'),
(10, 6, 'สเต็กปลาแซลมอนซอสเลมอนบัตเตอร์', 450, 'โอเมก้า 3 ในแซลมอนช่วยลดความเครียดและบำรุงสมอง ทำให้จิตใจเบิกบานครับ', '2026-02-17 16:34:45'),
(11, 6, 'พาสต้ากุ้งกระเทียมและน้ำมันมะกอก', 380, 'เมนูย่อยง่าย รสชาติกลมกล่อม ช่วยให้มื้อค่ำไม่หนักเกินไปและรู้สึกผ่อนคลาย', '2026-02-17 16:34:46'),
(12, 6, 'ดาร์กช็อกโกแลตฟองดูว์กับผลไม้ตระกูลเบอร์รี', 250, 'ช็อกโกแลตมีสารที่ช่วยกระตุ้นความรู้สึกดีและลดความกังวล เป็นของหวานที่สร้างความโรแมนติกได้ดีเยี่ยมครับ', '2026-02-17 16:34:47'),
(13, 6, 'เต้าหู้ขาวผัดอกไก่สับและไข่ขาว', 380, 'เมนูเพิ่มโปรตีนแบบคูณสองจากทั้งอกไก่และเต้าหู้ขาว ปรุงรสด้วยซอสโซเดียมต่ำ เหมาะสำหรับมื้อกลางวันที่ต้องการพลังงาน', '2026-02-18 16:39:41'),
(14, 6, 'อกไก่ย่างสมุนไพรและข้าวไรซ์เบอร์รี่', 420, 'อกไก่หมักรากผักชีพริกไทยดำย่างจนสุกพอดี เสิร์ฟพร้อมข้าวไรซ์เบอร์รี่และบล็อกโคลี่นึ่ง', '2026-02-21 02:24:36'),
(15, 6, 'ลาบไก่สับสูตรคลีน', 320, 'ใช้เนื้ออกไก่สับล้วน ปรุงรสด้วยมะนาวและพริกป่น เน้นผักสดเคียงจำนวนมากเพื่อเพิ่มใยอาหาร', '2026-02-21 02:24:43'),
(16, 6, 'ต้มจืดฟักเขียวอกไก่ใส่เห็ดหอม', 250, 'ซุปร้อนๆ ที่ให้พลังงานต่ำแต่สารอาหารสูง ช่วยให้อิ่มท้องและสบายตัว', '2026-02-21 02:24:43'),
(20, 7, 'อกไก่นุ่มย่างสมุนไพรและควิโนอา (มื้อเช้า)', 600, 'อกไก่หมักสมุนไพรไทยย่างจนนุ่ม ทานคู่กับควิโนอาที่มีใยอาหารสูงและดัชนีน้ำตาลต่ำ ช่วยให้อิ่มท้องและรักษาระดับน้ำตาลได้ดี', '2026-02-24 02:49:56'),
(21, 7, 'ปลานึ่งมะนาวสูตรโซเดียมต่ำ ทานคู่ข้าวกล้อง (มื้อกลางวัน)', 800, 'ปลากะพงสดนึ่งกับน้ำมะนาวพริกกระเทียมโดยลดการใช้เครื่องปรุงโซเดียมสูง เสิร์ฟพร้อมข้าวกล้องเพื่อเพิ่มกากใยและความชะลอการย่อยคาร์โบไฮเดรต', '2026-02-24 02:49:56'),
(22, 7, 'สลัดทูน่าอะโวคาโด (มื้อว่าง)', 431, 'ทูน่าในน้ำแร่คลุกเคล้ากับอะโวคาโดที่ให้ไขมันดี (HDL) มีประโยชน์ต่อหัวใจและหลอดเลือด พร้อมผักสลัดสดหลากสี', '2026-02-24 02:49:56'),
(23, 7, 'แกงเลียงกุ้งสดผักรวม (มื้อเย็น)', 600, 'แกงไทยสมุนไพรเข้มข้นที่เน้นผักพื้นบ้านและกุ้งสด สูตรลดเกลือแต่ใช้ความหอมจากพริกไทยและรากผักชี ช่วยขับลมและให้สารต้านอนุมูลอิสระสูง', '2026-02-24 02:49:56'),
(24, 7, 'ข้าวผัดธัญพืชอกไก่ (มื้อเช้า)', 600, 'ข้าวกล้องผัดกับอกไก่ไม่ติดมัน ใส่ถั่วลันเตา แครอท และข้าวโพด ปรุงรสอ่อนๆ เพื่อพลังงานที่ยั่งยืนในตอนเช้า', '2026-02-24 03:01:24'),
(25, 7, 'ปลากะพงนึ่งซีอิ๊วขิงแก่และข้าวกล้อง (มื้อกลางวัน)', 700, 'ปลากะพงขาวสดนึ่งกับขิงซอยและซีอิ๊วโซเดียมต่ำ รองจานด้วยกะหล่ำปลีนึ่ง ทานคู่กับข้าวกล้อง 1 ถ้วย', '2026-02-24 03:01:24'),
(27, 7, 'แกงส้มผักรวมกุ้งสดและข้าวไรซ์เบอร์รี่ (มื้อเย็น)', 700, 'ใช้ผักกาดขาวและน้ำมะขามเปียกปรุงเป็นแกงส้มรสกลมกล่อม (ลดเค็ม) ใส่กุ้งสด ทานคู่กับข้าวไรซ์เบอร์รี่', '2026-02-24 03:01:24'),
(28, 7, 'อกไก่นุ่มย่างสมุนไพรและควิโนอา (มื้อเช้า)', 620, 'อกไก่หมักสมุนไพรไทยย่างจนนุ่ม เสิร์ฟคู่กับควิโนอาที่ให้โปรตีนและไฟเบอร์สูง ช่วยให้อิ่มนานและดีต่อระดับน้ำตาล', '2026-02-24 03:03:20'),
(29, 7, 'ข้าวกล้องผัดธัญพืชรวมและอกไก่ (มื้อกลางวัน)', 780, 'ข้าวกล้องผัดกับธัญพืชหลากชนิดและอกไก่ชิ้นโต ปรุงรสด้วยซีอิ๊วโซเดียมต่ำ ให้พลังงานและโปรตีนที่เหมาะสมกับช่วงกลางวัน', '2026-02-24 03:03:20'),
(30, 7, 'ไข่ตุ๋นทรงเครื่อง (มื้อว่าง)', 350, 'ไข่ตุ๋นเนื้อนุ่มใส่ไก่สับและเห็ดหอม เป็นอาหารว่างที่ให้โปรตีนสูงและย่อยง่าย', '2026-02-24 03:03:20'),
(31, 7, 'สเต็กปลาแซลมอนย่างเกลือพริกไทยและหน่อไม้ฝรั่ง (มื้อเย็น)', 681, 'ปลาแซลมอนย่างให้โปรตีนและไขมันดี (Omega-3) ซึ่งดีต่อหัวใจและความดัน เสิร์ฟพร้อมหน่อไม้ฝรั่งสดกรอบ', '2026-02-24 03:03:20'),
(33, 7, 'ข้าวผัดธัญพืชรวมและอกไก่ (มื้อกลางวัน)', 750, 'ข้าวกล้องผัดกับธัญพืชหลากชนิดและอกไก่ ปรุงรสด้วยซีอิ๊วโซเดียมต่ำ ให้พลังงานสูงจากคาร์โบไฮเดรตเชิงซ้อนและใยอาหาร', '2026-02-24 03:40:42'),
(34, 7, 'Quinoa Power Salad (มื้อว่าง)', 400, 'สลัดควิโนอาที่อัดแน่นไปด้วยผักใบเขียวและถั่ว ช่วยเพิ่มพลังงานระหว่างวันและให้แมกนีเซียมสูงซึ่งดีต่อความดันโลหิต', '2026-02-24 03:40:42'),
(35, 7, 'สเต็กปลาแซลมอนย่างเกลือพริกไทยและหน่อไม้ฝรั่ง (มื้อเย็น)', 681, 'แซลมอนย่างเกลือพริกไทยเพียงเล็กน้อยเพื่อให้ได้ไขมันดีโอเมก้า-3 เสิร์ฟพร้อมหน่อไม้ฝรั่งย่าง ช่วยเสริมสร้างระบบหัวใจและหลอดเลือด', '2026-02-24 03:40:42'),
(36, 7, 'อกไก่นุ่มย่างสมุนไพรและควิโนอา (มื้อเช้า)', 600, 'อกไก่ส่วนไม่ติดหนังหมักสมุนไพรไทยย่างจนนุ่ม เสิร์ฟคู่กับควิโนอาที่มีโปรตีนและใยอาหารสูง', '2026-02-25 03:53:55'),
(37, 7, 'ผัดกะเพราเนื้อสับไข่ดาวน้ำ (มื้อกลางวัน)', 750, 'เนื้อวัวส่วนไม่ติดมันผัดกับใบกะเพราหอมๆ ปรุงรสด้วยซีอิ๊วโซเดียมต่ำ เสิร์ฟพร้อมข้าวกล้องและไข่ดาวที่ใช้น้ำแทนน้ำมัน', '2026-02-25 03:53:55'),
(38, 7, 'สลัดทูน่าอะโวคาโด (มื้อว่าง)', 431, 'เนื้อทูน่าในน้ำแร่คลุกเคล้ากับอะโวคาโดสุก ให้ไขมันดีที่ช่วยบำรุงหัวใจและอิ่มท้องนาน', '2026-02-25 03:53:55'),
(39, 7, 'ปลากะพงนึ่งซีอิ๊วขิงแก่ (มื้อเย็น)', 650, 'ปลากะพงขาวสดนึ่งกับขิงแก่และขึ้นฉ่าย ช่วยลดความดันโลหิต ปรุงด้วยซีอิ๊วสูตรลดโซเดียม รับประทานคู่กับข้าวกล้อง', '2026-02-25 03:53:55'),
(41, 7, 'ข้าวกล้องผัดธัญพืชรวมและอกไก่ (มื้อกลางวัน)', 750, 'ข้าวกล้องผัดกับธัญพืชหลากชนิดและอกไก่ ให้พลังงานที่ยาวนานและโปรตีนที่ครบถ้วน', '2026-02-25 03:55:27'),
(42, 7, 'สลัดทูน่าอะโวคาโด (มื้อว่าง)', 431, 'เนื้อทูน่าคุณภาพดีผสมกับอะโวคาโด ให้โปรตีนและไขมันดี (HDL) ช่วยบำรุงหัวใจและหลอดเลือด', '2026-02-25 03:55:27'),
(45, 7, 'กุ้งสดผัดบล็อกโคลี่และเห็ดแชมปิญองข้าวไรซ์เบอร์รี่ (มื้อกลางวัน)', 650, 'กุ้งแชบ๊วยตัวโตผัดกับบล็อกโคลี่และเห็ดโดยใช้น้ำมันรำข้าวเล็กน้อย ปรุงรสด้วยซีอิ๊วขาวลดโซเดียม เสิร์ฟพร้อมข้าวไรซ์เบอร์รี่', '2026-02-25 04:07:18'),
(46, 7, 'เต้าหู้ขาวนึ่งจิ้มซีอิ๊วและถั่วแระญี่ปุ่น (มื้อว่าง)', 550, 'เต้าหู้ขาวถั่วเหลืองแท้นึ่งอุ่นๆ ทานคู่กับถั่วแระญี่ปุ่นต้ม เป็นของว่างโปรตีนสูงจากพืชและมีกากใยช่วยชะลอการดูดซึมน้ำตาล', '2026-02-25 04:07:18'),
(47, 7, 'เมี่ยงปลาทูย่างและขนมจีนข้าวกล้อง (มื้อเย็น)', 651, 'ปลาทูย่าง (ไม่ทอด) ทานคู่กับขนมจีนข้าวกล้องและผักสดหลากหลายชนิด ราดน้ำจิ้มถั่วตัดสูตรหวานน้อยและลดเกลือ ให้โปรตีนและโอเมก้า 3 สูง', '2026-02-25 04:07:18'),
(48, 7, 'ข้าวต้มข้าวกล้องอกไก่สับและไข่ลวก (มื้อเช้า)', 500, 'ข้าวกล้องต้มจนนุ่ม อกไก่สับปรุงรสด้วยพริกไทย ใส่ขิงซอยและต้นหอมเพื่อช่วยระบบไหลเวียนโลหิต พร้อมไข่ลวก 1 ฟอง', '2026-02-25 05:33:37'),
(51, 7, 'ต้มจืดมะระยัดไส้ไก่สับและข้าวไรซ์เบอร์รี่ (มื้อเย็น)', 681, 'มะระที่มีสรรพคุณช่วยลดระดับน้ำตาลในเลือด ยัดไส้ด้วยอกไก่สับในน้ำซุปสมุนไพร เสิร์ฟพร้อมข้าวไรซ์เบอร์รี่ที่มีไฟเบอร์สูง', '2026-02-25 05:33:37'),
(55, 7, 'แกงป่าอกไก่ใส่ผักรวมและข้าวกล้อง', 700, 'แกงป่ารสจัดจ้านจากสมุนไพร ไม่ใส่กะทิ (ลดไขมันอิ่มตัว) ใส่ผักเปาะ ถั่วฝักยาว และกระชาย เสิร์ฟคู่กับข้าวกล้องร้อนๆ', '2026-03-03 08:31:46'),
(57, 9, 'ข้าวกล้องผัดธัญพืชรวมและอกไก่', 600, 'ข้าวกล้องหอมนุ่มผัดคลุกเคล้ากับธัญพืชหลากสีและอกไก่หั่นเต๋า ปรุงรสอ่อนโยน เน้นประโยชน์จากใยอาหารและโปรตีนที่ดีต่อสุขภาพหัวใจและควบคุมระดับน้ำตาล', '2026-03-04 15:45:02'),
(58, 9, 'สลัดโรลอกไก่ฉีกน้ำจิ้มซีฟู้ดโยเกิร์ต', 250, 'สลัดโรลสดชื่นอัดแน่นด้วยผักใบเขียวและอกไก่ฉีก ทานคู่กับน้ำจิ้มซีฟู้ดสูตรโยเกิร์ตเปรี้ยวอมหวาน ให้ความสดชื่นและอิ่มเบาๆ เป็นมื้อว่างที่ดีต่อสุขภาพ', '2026-03-04 15:45:02'),
(59, 9, 'ปลานึ่งมะนาวสูตรโซเดียมต่ำ', 500, 'ปลานิลหรือปลากะพงสดนึ่งกับน้ำซุปมะนาวรสจัดจ้าน เปรี้ยว เผ็ด หอมกลิ่นสมุนไพร โดยลดปริมาณโซเดียมลงเป็นพิเศษ เพื่อสุขภาพที่ดีและรสชาติที่อร่อยกลมกล่อม', '2026-03-04 15:45:02'),
(64, 9, 'ข้าวต้มข้าวกล้องหมูสับทรงเครื่องและไข่ลวก', 450, 'ข้าวกล้องเนื้อนุ่มละมุนลิ้น พร้อมหมูสับปรุงรส (เน้นไขมันต่ำ) และไข่ลวก อุดมด้วยโปรตีนและใยอาหาร ช่วยให้อิ่มสบายท้อง', '2026-03-04 15:59:06'),
(65, 9, 'ลาบอกไก่ไขมันต่ำ', 650, 'ลาบอกไก่สับคลุกเคล้าสมุนไพรไทยหอมๆ รสชาติจัดจ้านแต่ปรุงแบบลดโซเดียมและไขมัน เสิร์ฟพร้อมผักสดนานาชนิด', '2026-03-04 15:59:06'),
(66, 9, 'ก๋วยเตี๋ยวลุยสวนอกไก่', 250, 'เมนูเพื่อสุขภาพที่อุดมด้วยผักสดนานาชนิดและอกไก่หั่นชิ้น ห่อด้วยแผ่นแป้งนุ่มๆ พร้อมน้ำจิ้มสูตรลดน้ำตาลและโซเดียม', '2026-03-04 15:59:06'),
(67, 9, 'แกงส้มผักรวมกุ้งสด', 650, 'แกงส้มรสชาติจัดจ้าน เปรี้ยว เผ็ด หอมเครื่องแกง เน้นผักหลากหลายชนิดและกุ้งสด โปรตีนสูง ไขมันต่ำ ไม่ใส่กะทิ เหมาะสำหรับผู้ป่วยเบาหวานและความดัน', '2026-03-04 15:59:06'),
(68, 9, 'แกงเลียงกุ้งสดผักรวม', 450, 'แกงไทยน้ำใสไม่กะทิ อุดมด้วยผักหลากหลายชนิด เช่น ฟักทอง บวบ และตำลึง ให้ใยอาหารสูงและโซเดียมต่ำจากเครื่องแกงสมุนไพร', '2026-03-04 16:03:52'),
(69, 9, 'อกไก่ผัดขิงและเห็ดหูหนู', 650, 'ใช้เนื้ออกไก่ไม่ติดหนังผัดกับขิงสดช่วยขับลมและกระตุ้นระบบเผาผลาญ พร้อมเห็ดหูหนูซึ่งมีส่วนช่วยลดระดับไขมันในเลือด', '2026-03-04 16:03:52'),
(70, 9, 'สลัดเส้นโซบะเย็นซอสงาญี่ปุ่น', 300, 'ใช้เส้นโซบะซึ่งมีดัชนีน้ำตาลต่ำกว่าแป้งขัดขาว เสิร์ฟพร้อมผักสดและโปรตีนจากเต้าหู้ย่าง เป็นมื้อว่างที่ดีต่อสุขภาพหัวใจ', '2026-03-04 16:03:52'),
(71, 9, 'สเต็กปลากะพงย่างซอสเลมอน', 815, 'ปลากะพงย่างเน้นโปรตีนคุณภาพสูงและกรดไขมันโอเมก้า 3 ทานคู่กับผักย่าง ช่วยควบคุมความดันโลหิตและดีต่อสุขภาพโดยรวม', '2026-03-04 16:03:52');

-- --------------------------------------------------------

--
-- Table structure for table `chat_logs`
--

CREATE TABLE `chat_logs` (
  `id` int(11) NOT NULL,
  `user_id` int(11) NOT NULL,
  `sender` enum('user','ai') NOT NULL,
  `message` text NOT NULL,
  `created_at` timestamp NOT NULL DEFAULT current_timestamp()
) ENGINE=InnoDB DEFAULT CHARSET=utf8mb4 COLLATE=utf8mb4_general_ci;

--
-- Dumping data for table `chat_logs`
--

INSERT INTO `chat_logs` (`id`, `user_id`, `sender`, `message`, `created_at`) VALUES
(1, 5, 'user', 'อยากกินไก่3มื้อเลย', '2026-02-12 15:13:08'),
(2, 5, 'ai', 'จัดไปครับ! กินไก่ 3 มื้อได้สบาย โปรตีนเน้นๆ แต่ด้วยเป้าหมาย **2,694 kcal** ต้องเน้นปริมาณและสารอาหารให้ครบนะครับ เชฟจัดเมนูมาให้แล้ว:\n\n1.  **มื้อเช้า:** ข้าวต้มอกไก่สับ ใส่ไข่ 2 ฟอง (เน้นพลังงานเริ่มต้นวัน)\n2.  **มื้อเที่ยง:** ข้าวราดกะเพราไก่ (ใช้เนื้อสะโพกบ้างก็ได้) + ไข่ดาว 2 ฟอง\n3.  **มื้อเย็น:** สเต็กอกไก่หรือน่องไก่ย่าง + มันบด + ผักย่างจุกๆ\n\n**ทริคจากเชฟ:** สลับกิน อก สะโพก น่อง บ้างจะได้ไม่เบื่อ และอย่าลืมเพิ่มข้าวหรือแป้งดีๆ ให้ถึงแคลอรี่ที่ตั้งไว้นะครับ! กินให้อร่อยครับ! ????✨', '2026-02-12 15:13:14'),
(3, 5, 'user', 'แนะนำเมนูอาหาร 2 เมนูสั้นๆ สำหรับคนเป็นโรค: 0 (ตอบเป็น Bullet points)', '2026-02-12 15:13:18'),
(4, 5, 'ai', 'สวัสดีครับเชฟจัดให้! ร่างกายแข็งแรงไม่มีโรคประจำตัวแบบนี้ ต้องการพลังงานเน้นๆ เพื่อให้ถึงเป้าหมาย 2,694 kcal จัดไป 2 เมนูครับ:\n\n*   **พาสต้าอกไก่ย่างซอสน้ำมันมะกอกและกระเทียม:** เน้นคาร์โบไฮเดรตจากเส้นพาสต้าและโปรตีนสูงจากอกไก่ ใช้น้ำมันมะกอกช่วยเพิ่มไขมันดีและพลังงานครับ\n*   **ข้าวกล้องกะเพราเนื้อสับไข่ดาว 2 ฟอง:** เมนูทำง่ายที่ให้สารอาหารครบถ้วน ทั้งโปรตีนจากเนื้อวัวและไข่ดาว ช่วยให้คุณอิ่มนานและได้พลังงานตามเป้าครับ\n\nทานให้อร่อยและรักษาสุขภาพนะครับ!', '2026-02-12 15:13:24'),
(5, 5, 'user', 'ขอคำคมสุขภาพสั้นๆ 1 ประโยค สำหรับคนเป็น: 0', '2026-02-12 15:13:24'),
(6, 5, 'ai', '\"กินดีวันนี้ เพื่อรักษาต้นทุนร่างกายที่แข็งแรงตลอดไปครับ!\"', '2026-02-12 15:13:27'),
(7, 5, 'user', 'แนะนำเมนูอาหาร 2 เมนูสั้นๆ สำหรับคนเป็นโรค: 0 (ตอบเป็น Bullet points)', '2026-02-12 15:15:49'),
(8, 5, 'ai', 'เชฟจัดให้ครับ! ร่างกายแข็งแรงและต้องการพลังงานสูงถึง 2,694 kcal แบบนี้ ต้องเมนูที่เน้นโปรตีนและสารอาหารครบถ้วนครับ\n\n*   **ข้าวอกไก่ย่างเทอริยากิ + ไข่ต้ม 2 ฟอง:** ได้โปรตีนเน้นๆ ช่วยซ่อมแซมกล้ามเนื้อ พลังงานดี อิ่มนานครับ\n*   **สเต็กปลาแซลมอน + มันบดผักโขม:** ได้ไขมันดี Omega-3 และคาร์โบไฮเดรตคุณภาพสูง เหมาะกับเป้าหมายแคลอรีของคุณครับ', '2026-02-12 15:15:55'),
(9, 5, 'user', 'ขอคำคมสุขภาพสั้นๆ 1 ประโยค สำหรับคนเป็น: 0', '2026-02-12 15:15:55'),
(10, 5, 'ai', '\"กินอาหารให้เป็นยา เพื่อไม่ต้องกินยาเป็นอาหารนะครับ!\"', '2026-02-12 15:15:59'),
(11, 5, 'user', 'อยากกินเนื้อกับไข่', '2026-02-12 15:25:00'),
(12, 5, 'user', 'อยากกินเนื้อกับไข่', '2026-02-12 15:26:21'),
(13, 5, 'user', 'อยากกินเนื้อกับไข่', '2026-02-12 15:26:24'),
(14, 5, 'user', 'อยากกินเนื้อกับไข่', '2026-02-12 15:29:21'),
(15, 5, 'ai', 'สวัสดีครับคุณผู้ใช้! เชฟยินดีมากครับที่ได้ดูแลมื้ออาหารของคุณในวันนี้ สำหรับความต้องการทานเนื้อและไข่ ซึ่งเป็นแหล่งโปรตีนและไขมันที่ดีเยี่ยม เมื่อพิจารณาจากเป้าหมายพลังงาน 2,694 kcal ต่อวันของคุณ เชฟขอแนะนำเมนูที่เน้นความอิ่มท้องและสารอาหารครบถ้วนดังนี้ครับ', '2026-02-12 15:29:30'),
(16, 5, 'user', 'อยากกินไก่กับไข่', '2026-02-12 17:21:54'),
(17, 5, 'ai', 'สวัสดีครับ ในฐานะเชฟและนักโภชนาการ ผมยินดีมากที่คุณเลือกวัตถุดิบที่ดีอย่างไก่และไข่ครับ สำหรับเป้าหมาย 2,444 kcal ต่อวัน พร้อมทั้งดูแลเรื่องเบาหวานและความดันสูง ผมจะเน้นการปรุงที่ใช้ **โซเดียมต่ำ** และ **ไม่เติมน้ำตาล** โดยเน้นการนึ่ง ต้ม หรือผัดด้วยน้ำมันน้อยๆ เพื่อช่วยควบคุมระดับความดันและน้ำตาลในเลือดครับ แนะนำให้ทานร่วมกับข้าวไม่ขัดสีอย่างข้าวกล้องหรือไรซ์เบอร์รี่เพื่อให้ได้กากใยอาหารสูงครับ', '2026-02-12 17:22:04'),
(18, 6, 'user', 'อยากกินเมนูหมู', '2026-02-17 15:18:39'),
(19, 6, 'ai', 'สวัสดีครับ ในฐานะเชฟและนักโภชนาการ ผมยินดีมากครับที่จะแนะนำเมนูหมูที่ทั้งอร่อยและได้รับสารอาหารที่ครบถ้วน การเลือกส่วนของเนื้อหมูอย่าง **\'สันใน\'** จะช่วยให้คุณได้รับโปรตีนคุณภาพสูงโดยที่มีไขมันต่ำครับ ผมได้คัดสรรเมนูที่เน้นการปรุงแบบดีต่อสุขภาพมาให้เลือกดังนี้ครับ', '2026-02-17 15:18:49'),
(20, 6, 'user', 'กินอะไรให้แฟนรัก', '2026-02-17 16:34:10'),
(21, 6, 'ai', 'การเลือกเมนูอาหารที่ช่วยเสริมสร้างบรรยากาศที่ดีและความรู้สึกผ่อนคลายจะช่วยให้ความสัมพันธ์ของคุณแน่นแฟ้นขึ้นครับ ผมขอแนะนำอาหารที่มีสารช่วยกระตุ้นสารความสุข (Endorphins) และบำรุงหัวใจ เพื่อให้คุณและคนที่คุณรักมีสุขภาพกายและใจที่ดีไปพร้อมกันครับ การลงมือทำด้วยตัวเองคือเครื่องปรุงที่พิเศษที่สุดที่จะทำให้แฟนรักแน่นอนครับ', '2026-02-17 16:34:27'),
(22, 6, 'user', 'เพิ่มโปรตีน', '2026-02-18 16:38:37'),
(23, 6, 'ai', 'สวัสดีครับ! ในฐานะเชฟและนักโภชนาการ ผมยินดีมากที่คุณต้องการเพิ่มสัดส่วนโปรตีนในมื้ออาหาร สำหรับเป้าหมายพลังงาน 2,007 แคลอรีต่อวัน การเน้นโปรตีนคุณภาพดีจะช่วยเสริมสร้างกล้ามเนื้อและทำให้คุณรู้สึกอิ่มท้องได้นานขึ้นครับ ผมได้จัดเตรียมเมนูที่มีโปรตีนสูงและสารอาหารครบถ้วนเพื่อให้เข้ากับเป้าหมายของคุณ ดังนี้ครับ', '2026-02-18 16:39:22'),
(24, 6, 'user', 'ผมมีวัตถุดิบ: ซี่โครงวัว, กระเทียม, กุ้งสดปอกเปลือก, ขึ้นฉ่ายและมะเขือเทศ, ซอสปรุงรสโซเดียมต่ำ 1 ช้อนโต๊ะ, ซอสหอยนางรมโซเดียมต่ำ 1 ช้อนโต๊ะ, ต้นหอมหั่นท่อน, ถั่วฝักยาวหั่นท่อน 100 กรัม, น้ำมะขามเปียก, น้ำมะขามเปียก 3 ช้อนโต๊ะ, น้ำเปล่าหรือน้ำซุป 150 มล., ผักชี, หมูสับไขมันต่ำ 100 กรัม, หอมแดงสไลด์ แนะนำเมนูที่ทำได้หน่อย', '2026-02-19 15:35:36'),
(25, 6, 'user', 'ผมมีวัตถุดิบ: ซี่โครงวัว, กระเทียมสับ, ข่า 3 แว่น, ซอสหอยนางรมลดโซเดียม, ข้าวกล้องหุงสุก 1 ถ้วย, ถั่วลันเตา, น้ำปลาลดโซเดียม, น้ำมะนาว 2 ช้อนโต๊ะ, ปลากะพงขาวหรือปลาทับทิม 250 กรัม, ไข่ไก่ แนะนำเมนูที่ทำได้หน่อย', '2026-02-19 15:37:24'),
(26, 6, 'ai', 'สวัสดีครับ! ยินดีที่ได้ดูแลเรื่องโภชนาการให้คุณนะครับ วัตถุดิบที่คุณมีถือว่ายอดเยี่ยมมากครับ มีทั้งโปรตีนคุณภาพสูงจากปลากะพงและไข่ไก่ รวมถึงซี่โครงวัวที่ให้รสชาติเข้มข้น และคาร์โบไฮเดรตเชิงซ้อนจากข้าวกล้อง สำหรับเป้าหมาย 1,757 kcal ของคุณ ผมขอแนะนำเมนูที่เน้นความสมดุลและลดโซเดียมดังนี้ครับ', '2026-02-19 15:37:38'),
(27, 6, 'user', 'เมนูไก่วันนี้', '2026-02-19 17:36:37'),
(28, 6, 'ai', 'สวัสดีครับ ในฐานะเชฟและนักโภชนาการ ผมยินดีมากที่จะจัดเตรียมเมนูไก่ที่เหมาะสมกับเป้าหมาย 1757 kcal และสภาวะเบาหวานของคุณครับ สำหรับผู้ป่วยเบาหวาน เราจะเน้นโปรตีนไขมันต่ำอย่างอกไก่ และใช้การปรุงที่ไม่เติมน้ำตาล รวมถึงเน้นใยอาหารจากผักเพื่อช่วยชะลอการดูดซึมน้ำตาลเข้าสู่กระแสเลือดครับ', '2026-02-19 17:36:47'),
(29, 6, 'user', 'เมนูไก่วันนี้', '2026-02-21 02:23:59'),
(30, 6, 'ai', 'สวัสดีครับ! ยินดีที่ได้ดูแลโภชนาการให้คุณในวันนี้ครับ สำหรับเป้าหมายพลังงาน 1,757 แคลอรี ผมได้คัดสรรเมนูไก่ที่เน้นโปรตีนคุณภาพดีและสารอาหารครบถ้วนมาให้เลือก 3 สไตล์ เพื่อให้คุณอิ่มอร่อยและสุขภาพดีไปพร้อมกันครับ', '2026-02-21 02:24:09'),
(31, 6, 'user', 'ผมเป็นโรคอะไร ควรทานอาหารอะไรครับ', '2026-02-21 06:50:56'),
(32, 6, 'ai', 'สวัสดีครับ ในฐานะเชฟและนักโภชนาการ จากข้อมูลที่คุณระบุมา คุณมีภาวะ **เบาหวาน** และ **ความดันโลหิตสูง** ครับ \n\nแนวทางการรับประทานอาหารที่เหมาะสมสำหรับคุณคือ:\n1. **ควบคุมคาร์โบไฮเดรต:** เลือกทานแป้งไม่ขัดสี เช่น ข้าวกล้อง หรือธัญพืช เพื่อไม่ให้ระดับน้ำตาลในเลือดพุ่งสูงเร็วเกินไป\n2. **ลดโซเดียม:** หลีกเลี่ยงอาหารรสจัด อาหารแปรรูป และเครื่องปรุงรสที่มีเกลือสูง เพื่อช่วยควบคุมความดันโลหิต\n3. **เพิ่มใยอาหาร:** เน้นผักใบเขียวที่จะช่วยชะลอการดูดซึมน้ำตาล\n4. **โปรตีนคุณภาพดี:** เลือกเนื้อสัตว์ไม่ติดมัน ปลา หรือโปรตีนจากพืช\n\nด้วยเป้าหมาย 2507 kcal ต่อวัน คุณสามารถทานอาหารที่มีสารอาหารครบถ้วนในปริมาณที่พอเหมาะได้ดังนี้ครับ', '2026-02-21 06:51:14'),
(33, 7, 'user', 'เพิ่มโปรตีน', '2026-02-23 17:54:17'),
(34, 7, 'ai', 'สวัสดีครับ ในฐานะเชฟและนักโภชนาการ ผมยินดีอย่างยิ่งที่จะแนะนำแนวทางการเพิ่มโปรตีนให้คุณครับ การเลือกโปรตีนคุณภาพสูงไม่เพียงช่วยเสริมสร้างกล้ามเนื้อและซ่อมแซมส่วนที่สึกหรอ แต่ยังช่วยให้คุณรู้สึกอิ่มนานขึ้นและรักษาระดับน้ำตาลในเลือดให้คงที่ด้วยครับ ผมขอแนะนำให้เลือกแหล่งโปรตีนหลากหลาย ทั้งจากเนื้อสัตว์ไม่ติดมัน ปลา และโปรตีนจากพืชครับ', '2026-02-23 17:54:33'),
(35, 7, 'user', 'สวัสดีครับ ผมคือใคร และคิดเมนูอาหารให้หน่อยครับ', '2026-02-24 02:42:00'),
(36, 7, 'user', 'หิวข้าว', '2026-02-24 02:42:24'),
(37, 7, 'user', 'เมนูไก่วันนี้', '2026-02-24 02:42:42'),
(38, 7, 'user', 'สวัสดีครับ ผมคือใคร และคิดเมนูอาหารให้หน่อยครับ', '2026-02-24 02:49:33'),
(39, 7, 'ai', 'สวัสดีครับคุณผู้ใช้ ในฐานะเชฟและนักโภชนาการ ผมยินดีอย่างยิ่งที่จะช่วยดูแลเรื่องอาหารให้คุณครับ\n\nสำหรับเป้าหมาย **2431 kcal** ต่อวัน พร้อมทั้งการดูแลโรค **เบาหวานและความดันโลหิตสูง** ผมได้จัดแผนการรับประทานอาหารที่เน้นคาร์โบไฮเดรตเชิงซ้อน (Complex Carbs) เพื่อช่วยควบคุมระดับน้ำตาลในเลือดให้คงที่ และใช้เมนูที่ลดโซเดียมเพื่อรักษาระดับความดันโลหิต โดยคัดเลือกจากวัตถุดิบคุณภาพดีและมีรสชาติอร่อยเพื่อให้คุณมีความสุขกับการทานอาหารสุขภาพครับ ดังนี้ครับ:|||MENUS|||[{\"name\":\"อกไก่นุ่มย่างสมุนไพรและควิโนอา (มื้อเช้า)\",\"calories\":600,\"desc\":\"อกไก่หมักสมุนไพรไทยย่างจนนุ่ม ทานคู่กับควิโนอาที่มีใยอาหารสูงและดัชนีน้ำตาลต่ำ ช่วยให้อิ่มท้องและรักษาระดับน้ำตาลได้ดี\"},{\"name\":\"ปลานึ่งมะนาวสูตรโซเดียมต่ำ ทานคู่ข้าวกล้อง (มื้อกลางวัน)\",\"calories\":800,\"desc\":\"ปลากะพงสดนึ่งกับน้ำมะนาวพริกกระเทียมโดยลดการใช้เครื่องปรุงโซเดียมสูง เสิร์ฟพร้อมข้าวกล้องเพื่อเพิ่มกากใยและความชะลอการย่อยคาร์โบไฮเดรต\"},{\"name\":\"สลัดทูน่าอะโวคาโด (มื้อว่าง)\",\"calories\":431,\"desc\":\"ทูน่าในน้ำแร่คลุกเคล้ากับอะโวคาโดที่ให้ไขมันดี (HDL) มีประโยชน์ต่อหัวใจและหลอดเลือด พร้อมผักสลัดสดหลากสี\"},{\"name\":\"แกงเลียงกุ้งสดผักรวม (มื้อเย็น)\",\"calories\":600,\"desc\":\"แกงไทยสมุนไพรเข้มข้นที่เน้นผักพื้นบ้านและกุ้งสด สูตรลดเกลือแต่ใช้ความหอมจากพริกไทยและรากผักชี ช่วยขับลมและให้สารต้านอนุมูลอิสระสูง\"}]', '2026-02-24 02:49:56'),
(40, 7, 'user', 'ผมมีวัตถุดิบ: กะหล่ำปลีรองจาน, ขิงซอยละเอียด 1/2 ถ้วย, ข้าวกล้องหรือข้าวไรซ์เบอร์รี่ 1 ถ้วย, ซีอิ๊วขาวโซเดียมต่ำ 1 ช้อนโต๊ะ, น้ำมะขามเปียก 3 ช้อนโต๊ะ, ผักกาดขาว 200 กรัม, ปลากะพงขาว แนะนำเมนูที่ทำได้หน่อย', '2026-02-24 03:01:06'),
(41, 7, 'ai', 'สวัสดีครับ ในฐานะเชฟและนักโภชนาการ ผมได้จัดสรรเมนูอาหารโดยเน้นวัตถุดิบที่คุณมี ได้แก่ **ปลากะพงขาว ขิงซอย และข้าวกล้อง** มาสร้างสรรค์เป็นเมนูหลักที่เหมาะสำหรับผู้ป่วย **เบาหวานและความดันสูง** ครับ\n\n**เหตุผลในการเลือกเมนู:**\n1. **ปลากะพงนึ่งซีอิ๊วขิงแก่:** ใช้ปลากะพงที่เป็นโปรตีนไขมันต่ำ ขิงช่วยระบบไหลเวียนโลหิต และใช้ซีอิ๊วขาวโซเดียมต่ำตามที่คุณมี เพื่อควบคุมความดันโลหิต\n2. **การควบคุมเบาหวาน:** เลือกใช้ข้าวกล้องและธัญพืชซึ่งมีค่าดัชนีน้ำตาลต่ำ (Low GI) ช่วยให้ระดับน้ำตาลในเลือดคงที่\n3. **การควบคุมความดัน:** เน้นเมนูต้มและนึ่ง ลดการปรุงรสจัดและใช้สมุนไพรในการเพิ่มรสชาติแทนเกลือ\n4. **การใช้ส่วนประกอบ:** ผมนำผักกาดขาวและน้ำมะขามเปียกของคุณมาปรุงเป็นแกงส้มในมื้อเย็น เพื่อให้ได้สารอาหารครบถ้วนตามเป้าหมาย 2,431 kcal ครับ|||MENUS|||[{\"name\":\"ข้าวผัดธัญพืชอกไก่ (มื้อเช้า)\",\"calories\":600,\"desc\":\"ข้าวกล้องผัดกับอกไก่ไม่ติดมัน ใส่ถั่วลันเตา แครอท และข้าวโพด ปรุงรสอ่อนๆ เพื่อพลังงานที่ยั่งยืนในตอนเช้า\"},{\"name\":\"ปลากะพงนึ่งซีอิ๊วขิงแก่และข้าวกล้อง (มื้อกลางวัน)\",\"calories\":700,\"desc\":\"ปลากะพงขาวสดนึ่งกับขิงซอยและซีอิ๊วโซเดียมต่ำ รองจานด้วยกะหล่ำปลีนึ่ง ทานคู่กับข้าวกล้อง 1 ถ้วย\"},{\"name\":\"สลัดทูน่าอะโวคาโด (มื้อว่าง)\",\"calories\":431,\"desc\":\"ทูน่าในน้ำแร่ผสมกับอะโวคาโดหั่นเต๋า เพิ่มไขมันดีเพื่อบำรุงหัวใจและช่วยให้อิ่มนาน\"},{\"name\":\"แกงส้มผักรวมกุ้งสดและข้าวไรซ์เบอร์รี่ (มื้อเย็น)\",\"calories\":700,\"desc\":\"ใช้ผักกาดขาวและน้ำมะขามเปียกปรุงเป็นแกงส้มรสกลมกล่อม (ลดเค็ม) ใส่กุ้งสด ทานคู่กับข้าวไรซ์เบอร์รี่\"}]', '2026-02-24 03:01:24'),
(42, 7, 'user', 'คุณคือใครครับ', '2026-02-24 03:02:10'),
(43, 7, 'user', 'เมนูเพิ่มโปรตีน', '2026-02-24 03:02:54'),
(44, 7, 'ai', 'สวัสดีครับคุณผู้ใช้ ในฐานะเชฟและนักโภชนาการ ผมได้ออกแบบแผนการรับประทานอาหารไทยที่เน้น **โปรตีนสูง** เพื่อให้สอดคล้องกับเป้าหมาย 2,431 kcal ต่อวันของคุณครับ \n\nสำหรับการจัดเมนูครั้งนี้ ผมให้ความสำคัญกับข้อจำกัดด้านสุขภาพของคุณเป็นพิเศษ:\n1. **โรคเบาหวาน:** ผมเลือกใช้คาร์โบไฮเดรตเชิงซ้อนอย่างควิโนอาและข้าวกล้องที่มีค่าดัชนีน้ำตาลต่ำ เพื่อช่วยควบคุมระดับน้ำตาลให้คงที่ครับ\n2. **โรคความดันโลหิตสูง:** ทุกเมนูเน้นการปรุงแบบย่าง นึ่ง หรือผัดน้ำมันน้อย และใช้สมุนไพรในการชูรสชาติแทนการใช้เกลือหรือน้ำปลาปริมาณมาก เพื่อควบคุมระดับโซเดียมครับ\n3. **การเพิ่มโปรตีน:** ผมเลือกแหล่งโปรตีนคุณภาพเยี่ยมทั้งจากอกไก่ ไข่ และปลาแซลมอน เพื่อให้คุณได้รับสารอาหารครบถ้วนตามเป้าหมายครับ|||MENUS|||[{\"name\":\"อกไก่นุ่มย่างสมุนไพรและควิโนอา (มื้อเช้า)\",\"calories\":620,\"desc\":\"อกไก่หมักสมุนไพรไทยย่างจนนุ่ม เสิร์ฟคู่กับควิโนอาที่ให้โปรตีนและไฟเบอร์สูง ช่วยให้อิ่มนานและดีต่อระดับน้ำตาล\"},{\"name\":\"ข้าวกล้องผัดธัญพืชรวมและอกไก่ (มื้อกลางวัน)\",\"calories\":780,\"desc\":\"ข้าวกล้องผัดกับธัญพืชหลากชนิดและอกไก่ชิ้นโต ปรุงรสด้วยซีอิ๊วโซเดียมต่ำ ให้พลังงานและโปรตีนที่เหมาะสมกับช่วงกลางวัน\"},{\"name\":\"ไข่ตุ๋นทรงเครื่อง (มื้อว่าง)\",\"calories\":350,\"desc\":\"ไข่ตุ๋นเนื้อนุ่มใส่ไก่สับและเห็ดหอม เป็นอาหารว่างที่ให้โปรตีนสูงและย่อยง่าย\"},{\"name\":\"สเต็กปลาแซลมอนย่างเกลือพริกไทยและหน่อไม้ฝรั่ง (มื้อเย็น)\",\"calories\":681,\"desc\":\"ปลาแซลมอนย่างให้โปรตีนและไขมันดี (Omega-3) ซึ่งดีต่อหัวใจและความดัน เสิร์ฟพร้อมหน่อไม้ฝรั่งสดกรอบ\"}]', '2026-02-24 03:03:20'),
(45, 7, 'user', 'คุณคือใคร', '2026-02-24 03:16:43'),
(46, 7, 'ai', 'สวัสดีครับ ผมคือเชฟและนักโภชนาการอัจฉริยะส่วนตัวของคุณครับ ผมมีความเชี่ยวชาญในการออกแบบมื้ออาหารที่สมดุลทั้งในด้านรสชาติและคุณค่าทางโภชนาการ โดยเฉพาะการจัดเมนูอาหารสำหรับผู้ที่ต้องดูแลสุขภาพเป็นพิเศษ เช่น ผู้ที่มีภาวะเบาหวานและความดันโลหิตสูง \n\nผมพร้อมที่จะช่วยคุณวางแผนการรับประทานอาหารให้ได้พลังงานตามเป้าหมาย **2431 kcal ต่อวัน** โดยเน้นการเลือกวัตถุดิบที่มีดัชนีน้ำตาลต่ำ (Low GI) และควบคุมปริมาณโซเดียมอย่างเคร่งครัดเพื่อให้ปลอดภัยต่อโรคประจำตัวของคุณครับ หากคุณต้องการให้ผมจัดเมนูอาหารสำหรับวันนี้ หรือมีคำถามเรื่องโภชนาการ สามารถบอกผมได้เลยนะครับ', '2026-02-24 03:16:52'),
(47, 7, 'user', 'เมนูสุขภาพที่ฉันกินได้', '2026-02-24 03:40:26'),
(48, 7, 'ai', 'สวัสดีครับ ในฐานะเชฟและนักโภชนาการ ผมได้จัดแผนการรับประทานอาหารที่ออกแบบมาเป็นพิเศษเพื่อให้พลังงานครบ 2,431 kcal ตามเป้าหมายของคุณครับ โดยเน้นการจัดการ **โรคเบาหวาน** ด้วยการเลือกใช้คาร์โบไฮเดรตเชิงซ้อน (GI ต่ำ) เช่น ข้าวกล้องและควิโนอา เพื่อควบคุมระดับน้ำตาลในเลือด และจัดการ **โรคความดันโลหิตสูง** ด้วยการเลือกเมนูโซเดียมต่ำ อุดมไปด้วยโพแทสเซียมและไขมันดี (Omega-3) จากปลาเพื่อช่วยบำรุงระบบหลอดเลือดและหัวใจครับ ทุกเมนูปรุงด้วยวิธีการย่าง นึ่ง หรือผัดน้ำมันน้อย เพื่อความปลอดภัยต่อสุขภาพ 100% ครับ|||MENUS|||[{\"name\":\"อกไก่นุ่มย่างสมุนไพรและควิโนอา (มื้อเช้า)\",\"calories\":600,\"desc\":\"อกไก่หมักสมุนไพรย่างจนนุ่ม ทานคู่กับควิโนอาที่อุดมไปด้วยโปรตีนและใยอาหาร ช่วยให้อิ่มนานและรักษาระดับน้ำตาลให้คงที่\"},{\"name\":\"ข้าวผัดธัญพืชรวมและอกไก่ (มื้อกลางวัน)\",\"calories\":750,\"desc\":\"ข้าวกล้องผัดกับธัญพืชหลากชนิดและอกไก่ ปรุงรสด้วยซีอิ๊วโซเดียมต่ำ ให้พลังงานสูงจากคาร์โบไฮเดรตเชิงซ้อนและใยอาหาร\"},{\"name\":\"Quinoa Power Salad (มื้อว่าง)\",\"calories\":400,\"desc\":\"สลัดควิโนอาที่อัดแน่นไปด้วยผักใบเขียวและถั่ว ช่วยเพิ่มพลังงานระหว่างวันและให้แมกนีเซียมสูงซึ่งดีต่อความดันโลหิต\"},{\"name\":\"สเต็กปลาแซลมอนย่างเกลือพริกไทยและหน่อไม้ฝรั่ง (มื้อเย็น)\",\"calories\":681,\"desc\":\"แซลมอนย่างเกลือพริกไทยเพียงเล็กน้อยเพื่อให้ได้ไขมันดีโอเมก้า-3 เสิร์ฟพร้อมหน่อไม้ฝรั่งย่าง ช่วยเสริมสร้างระบบหัวใจและหลอดเลือด\"}]', '2026-02-24 03:40:42'),
(49, 7, 'user', 'เมนูสุขภาพที่ฉันกินได้', '2026-02-25 03:50:32'),
(50, 7, 'ai', 'สวัสดีครับคุณผู้ใช้ ในฐานะเชฟและนักโภชนาการ ผมได้ออกแบบเมนูอาหารที่เหมาะสมกับเป้าหมาย **2,431 แคลอรี่ต่อวัน** โดยคำนึงถึงโรคประจำตัวเป็นหลักครับ สำหรับ **โรคเบาหวาน** ผมเลือกใช้คาร์โบไฮเดรตเชิงซ้อนที่มีค่าดัชนีน้ำตาลต่ำ (Low GI) เช่น ควิโนอาและข้าวกล้อง เพื่อควบคุมระดับน้ำตาล และสำหรับ **ความดันโลหิตสูง** ผมเน้นการปรุงรสด้วยสมุนไพรไทยแทนการใช้โซเดียม และเลือกแหล่งโปรตีนที่มีโอเมก้า 3 สูงเพื่อบำรุงหลอดเลือดครับ ทุกเมนูที่เลือกมามีความปลอดภัยและช่วยส่งเสริมสุขภาพของคุณอย่างเต็มที่ครับ|||MENUS|||[{\"name\":\"อกไก่นุ่มย่างสมุนไพรและควิโนอา (มื้อเช้า)\",\"calories\":550,\"desc\":\"อกไก่หมักสมุนไพรพื้นบ้านย่างจนนุ่ม เสิร์ฟคู่กับควิโนอาที่ให้ไฟเบอร์สูง ช่วยชะลอการดูดซึมน้ำตาล\"},{\"name\":\"ข้าวกล้องผัดธัญพืชรวมและอกไก่ (มื้อกลางวัน)\",\"calories\":700,\"desc\":\"ข้าวกล้องผัดกับธัญพืชหลากชนิดและอกไก่สับ ปรุงรสด้วยซอสโซเดียมต่ำ ให้พลังงานที่ยาวนานและสารอาหารครบถ้วน\"},{\"name\":\"สลัดทูน่าอะโวคาโด (มื้อว่าง)\",\"calories\":481,\"desc\":\"ทูน่าในน้ำแร่คลุกเคล้ากับอะโวคาโดสด ให้ไขมันดี (HDL) ที่ช่วยลดความดันและบำรุงหัวใจ\"},{\"name\":\"สเต็กปลาแซลมอนย่างเกลือพริกไทยและหน่อไม้ฝรั่ง (มื้อเย็น)\",\"calories\":700,\"desc\":\"แซลมอนย่างสุกกำลังดี อุดมด้วยโอเมก้า 3 เสิร์ฟพร้อมหน่อไม้ฝรั่งและข้าวกล้อง เพื่อมื้อเย็นที่เบาสบายแต่สารอาหารสูง\"}]', '2026-02-25 03:50:54'),
(51, 7, 'user', 'เมนูสุขภาพที่ฉันกินได้', '2026-02-25 03:50:59'),
(52, 7, 'ai', 'สวัสดีครับ ในฐานะเชฟและนักโภชนาการ ผมได้คัดสรรเมนูจากฐานข้อมูลที่เหมาะสมที่สุดสำหรับเป้าหมายพลังงาน 2,431 kcal ของคุณ โดยเน้นการจัดการโรคเบาหวานและความดันโลหิตสูงเป็นสำคัญครับ\n\nสำหรับ **โรคเบาหวาน**: ผมเลือกใช้คาร์โบไฮเดรตเชิงซ้อนที่มีดัชนีน้ำตาลต่ำ (Low GI) เช่น ควิโนอา ข้าวกล้อง และธัญพืช เพื่อให้ระดับน้ำตาลในเลือดคงที่\nสำหรับ **โรคความดันโลหิตสูง**: เมนูที่เลือกเน้นการปรุงแบบโซเดียมต่ำ หลีกเลี่ยงของทอด และใช้ไขมันดีจากปลาและอะโวคาโดเพื่อช่วยบำรุงระบบหลอดเลือดครับ\n\nเมนูเหล่านี้ปลอดภัยและครบถ้วนตามความต้องการของคุณแน่นอนครับ|||MENUS|||[{\"name\":\"อกไก่นุ่มย่างสมุนไพรและควิโนอา (มื้อเช้า)\",\"calories\":600,\"desc\":\"อกไก่ลอกหนังย่างสมุนไพร เสิร์ฟพร้อมควิโนอาที่ให้กากใยสูงและโปรตีนแน่น ช่วยคุมน้ำตาลได้ดีตั้งแต่เช้า\"},{\"name\":\"ข้าวกล้องผัดธัญพืชรวมและอกไก่ (มื้อกลางวัน)\",\"calories\":850,\"desc\":\"ข้าวกล้องผัดกับถั่วและธัญพืช 7 สี พร้อมอกไก่สับ ปรุงรสอ่อนๆ เน้นสารอาหารครบถ้วนเพื่อพลังงานในช่วงบ่าย\"},{\"name\":\"สลัดทูน่าอะโวคาโด (มื้อว่าง)\",\"calories\":381,\"desc\":\"ทูน่าในน้ำแร่ผสมอะโวคาโดสด ให้ไขมันดีช่วยลดคอเลสเตอรอลและโซเดียมต่ำ ดีต่อความดันโลหิต\"},{\"name\":\"ปลานึ่งมะนาวสูตรโซเดียมต่ำ (มื้อเย็น)\",\"calories\":600,\"desc\":\"เนื้อปลาขาวนึ่งสุกปรุงด้วยน้ำมะนาวแท้ พริก และกระเทียม ลดการใช้เครื่องปรุงรสเค็ม เพื่อสุขภาพหัวใจและหลอดเลือด\"}]', '2026-02-25 03:51:28'),
(53, 7, 'user', 'เมนูไก่วันนี้', '2026-02-25 03:52:31'),
(54, 7, 'ai', 'สวัสดีครับคุณผู้ดูแลสุขภาพ ในฐานะเชฟและนักโภชนาการ ผมได้คัดสรรเมนูที่มี **\'อกไก่\'** เป็นวัตถุดิบหลักจากฐานข้อมูล โดยคำนึงถึงเป้าหมายพลังงาน 2,431 kcal และข้อจำกัดด้านสุขภาพของคุณเป็นสำคัญครับ\n\n**สำหรับการดูแลเบาหวานและความดันสูง:**\n1. **ดัชนีน้ำตาลต่ำ:** เลือกใช้ควิโนอาและข้าวกล้องแทนข้าวขาว เพื่อช่วยควบคุมระดับน้ำตาลในเลือดให้คงที่\n2. **โซเดียมต่ำ:** เมนูที่เลือกเน้นการใช้สมุนไพรไทย (ขิง, ข่า, ตะไคร้, ใบมะกรูด) เพื่อเพิ่มรสชาติแทนการใช้เกลือหรือน้ำปลาในปริมาณมาก ซึ่งดีต่อระดับความดันโลหิตครับ\n3. **ไขมันต่ำ:** ใช้อกไก่ไม่ติดหนังและปรุงด้วยการย่าง นึ่ง หรือต้ม เพื่อลดไขมันอิ่มตัวครับ|||MENUS|||[{\"name\":\"อกไก่นุ่มย่างสมุนไพรและควิโนอา (มื้อเช้า)\",\"calories\":600,\"desc\":\"อกไก่หมักสมุนไพรไทยย่างจนนุ่ม เสิร์ฟคู่กับควิโนอาที่มีใยอาหารสูง ช่วยให้อิ่มนานและคุมน้ำตาลได้ดี\"},{\"name\":\"อกไก่ย่างสมุนไพรกับข้าวกล้อง (มื้อกลางวัน)\",\"calories\":800,\"desc\":\"อกไก่ย่างหอมสมุนไพร เสิร์ฟพร้อมข้าวกล้องออร์แกนิก เพิ่มปริมาณข้าวและผักเคียงเพื่อให้ได้พลังงานตามเป้าหมาย\"},{\"name\":\"ก๋วยเตี๋ยวลุยสวนอกไก่ (มื้อว่าง)\",\"calories\":431,\"desc\":\"เมนูทานเล่นที่เน้นผักสดและอกไก่สับ ห่อด้วยแป้งก๋วยเตี๋ยวแผ่นบาง ทานคู่กับน้ำจิ้มสมุนไพรรสจัดจ้านสูตรลดโซเดียม\"},{\"name\":\"ต้มยำอกไก่น้ำใส (มื้อเย็น)\",\"calories\":600,\"desc\":\"ต้มยำรสกลมกล่อมด้วยสมุนไพรสด ใช้อกไก่ล้วน ไม่ใส่นมข้นจืดหรือน้ำพริกเผา เพื่อลดแคลอรี่และไขมันที่ไม่จำเป็น\"}]', '2026-02-25 03:52:46'),
(55, 7, 'user', 'หิวข้าว ขอเมนูเนื้อวันนี้', '2026-02-25 03:53:42'),
(56, 7, 'ai', 'สวัสดีครับ ในฐานะเชฟและนักโภชนาการ ผมได้จัดเตรียมแผนการทานอาหารที่เน้นเมนูเนื้อสัตว์ตามที่คุณต้องการ โดยคำนึงถึงเป้าหมายพลังงาน 2,431 kcal และความปลอดภัยต่อโรคประจำตัวอย่างเบาหวานและความดันสูงครับ\n\n**หัวใจสำคัญของเมนูชุดนี้:**\n1. **ควบคุมระดับน้ำตาล:** ใช้คาร์โบไฮเดรตเชิงซ้อน (ควิโนอา/ข้าวกล้อง) ที่มีใยอาหารสูง ช่วยชะลอการดูดซึมน้ำตาลเข้าสู่กระแสเลือด\n2. **ดูแลความดันโลหิต:** ปรุงรสด้วยสูตรโซเดียมต่ำ เน้นรสชาติจากสมุนไพรสดและขิง\n3. **พลังงานเหมาะสม:** มื้ออาหารมีความหนาแน่นของสารอาหารสูงเพื่อให้เพียงพอต่อความต้องการพลังงานรายวันของคุณครับ|||MENUS|||[{\"name\":\"อกไก่นุ่มย่างสมุนไพรและควิโนอา (มื้อเช้า)\",\"calories\":600,\"desc\":\"อกไก่ส่วนไม่ติดหนังหมักสมุนไพรไทยย่างจนนุ่ม เสิร์ฟคู่กับควิโนอาที่มีโปรตีนและใยอาหารสูง\"},{\"name\":\"ผัดกะเพราเนื้อสับไข่ดาวน้ำ (มื้อกลางวัน)\",\"calories\":750,\"desc\":\"เนื้อวัวส่วนไม่ติดมันผัดกับใบกะเพราหอมๆ ปรุงรสด้วยซีอิ๊วโซเดียมต่ำ เสิร์ฟพร้อมข้าวกล้องและไข่ดาวที่ใช้น้ำแทนน้ำมัน\"},{\"name\":\"สลัดทูน่าอะโวคาโด (มื้อว่าง)\",\"calories\":431,\"desc\":\"เนื้อทูน่าในน้ำแร่คลุกเคล้ากับอะโวคาโดสุก ให้ไขมันดีที่ช่วยบำรุงหัวใจและอิ่มท้องนาน\"},{\"name\":\"ปลากะพงนึ่งซีอิ๊วขิงแก่ (มื้อเย็น)\",\"calories\":650,\"desc\":\"ปลากะพงขาวสดนึ่งกับขิงแก่และขึ้นฉ่าย ช่วยลดความดันโลหิต ปรุงด้วยซีอิ๊วสูตรลดโซเดียม รับประทานคู่กับข้าวกล้อง\"}]', '2026-02-25 03:53:55'),
(57, 7, 'user', 'เพิ่มโปรตีน', '2026-02-25 03:55:09'),
(58, 7, 'ai', 'สวัสดีครับ! ในฐานะเชฟและนักโภชนาการ ผมได้จัดแผนการรับประทานอาหารที่เน้น **\'เพิ่มโปรตีน\'** ให้สอดคล้องกับเป้าหมาย 2,431 kcal ของคุณ โดยคำนึงถึงโรคเบาหวานและความดันโลหิตสูงเป็นสำคัญครับ\n\n**จุดเด่นของเมนูที่เลือกให้:**\n1. **การควบคุมน้ำตาล (สำหรับเบาหวาน):** เลือกใช้ \'ควิโนอา\' และ \'ข้าวกล้อง\' ซึ่งเป็นคาร์โบไฮเดรตเชิงซ้อนที่มีดัชนีน้ำตาลต่ำ ช่วยให้ระดับน้ำตาลในเลือดคงที่ และเพิ่มกากใยอาหาร\n2. **การควบคุมโซเดียม (สำหรับความดันสูง):** เน้นเมนูที่ใช้การย่างและนึ่ง ปรุงรสด้วยสมุนไพรไทย พริกไทย และมะนาว เพื่อลดการใช้เกลือและซอสปรุงรสที่มีโซเดียมสูง\n3. **เน้นโปรตีนลีน:** ใช้โปรตีนคุณภาพสูงจากอกไก่ เนื้อปลา และธัญพืช เพื่อช่วยซ่อมแซมส่วนที่สึกหรอและเสริมสร้างกล้ามเนื้อ โดยไม่มีไขมันอิ่มตัวส่วนเกินครับ|||MENUS|||[{\"name\":\"อกไก่นุ่มย่างสมุนไพรและควิโนอา (มื้อเช้า)\",\"calories\":550,\"desc\":\"อกไก่ลีนย่างด้วยสมุนไพรสด หอมนุ่ม เสิร์ฟคู่กับควิโนอาที่ให้โปรตีนสูงและดีต่อระดับน้ำตาล\"},{\"name\":\"ข้าวกล้องผัดธัญพืชรวมและอกไก่ (มื้อกลางวัน)\",\"calories\":750,\"desc\":\"ข้าวกล้องผัดกับธัญพืชหลากชนิดและอกไก่ ให้พลังงานที่ยาวนานและโปรตีนที่ครบถ้วน\"},{\"name\":\"สลัดทูน่าอะโวคาโด (มื้อว่าง)\",\"calories\":431,\"desc\":\"เนื้อทูน่าคุณภาพดีผสมกับอะโวคาโด ให้โปรตีนและไขมันดี (HDL) ช่วยบำรุงหัวใจและหลอดเลือด\"},{\"name\":\"สเต็กปลาแซลมอนย่างเกลือพริกไทยและหน่อไม้ฝรั่ง (มื้อเย็น)\",\"calories\":700,\"desc\":\"ปลาแซลมอนย่างที่อุดมด้วยโอเมก้า-3 และโปรตีน เสิร์ฟพร้อมหน่อไม้ฝรั่งกรอบ ปรุงรสอ่อนๆ เพื่อคุมความดัน\"}]', '2026-02-25 03:55:27'),
(59, 7, 'user', 'เพิ่มโปรตีน', '2026-02-25 04:06:44'),
(60, 7, 'ai', 'สวัสดีครับคุณผู้ใช้ ในฐานะเชฟและนักโภชนาการ ผมได้ออกแบบเมนูอาหารไทยที่เน้นการ **\'เพิ่มโปรตีน\'** ให้สอดคล้องกับเป้าหมาย 2,431 kcal ของคุณ โดยคำนึงถึงความปลอดภัยต่อโรคประจำตัวเป็นสำคัญครับ\n\n### หลักการจัดเมนูครั้งนี้:\n1. **ควบคุมระดับน้ำตาล (เบาหวาน):** เลือกใช้คาร์โบไฮเดรตเชิงซ้อนที่มีกากใยสูงและดัชนีน้ำตาลต่ำ\n2. **ควบคุมความดันโลหิต:** เน้นการปรุงรสด้วยสมุนไพรและซอสลดโซเดียม หลีกเลี่ยงอาหารแปรรูป\n3. **เพิ่มโปรตีน:** เลือกแหล่งโปรตีนคุณภาพดีจากหมูเนื้อแดง กุ้ง ปลา และโปรตีนจากพืชเพื่อให้ได้กรดอะมิโนครบถ้วนและช่วยซ่อมแซมส่วนที่สึกหรอครับ\n\nเมนูเหล่านี้เป็นเมนูใหม่ทั้งหมด ไม่ซ้ำกับที่คุณเพิ่งรับประทานไปแน่นอนครับ|||MENUS|||[{\"name\":\"ข้าวต้มข้าวกล้องหมูสับทรงเครื่องและไข่ลวก (มื้อเช้า)\",\"calories\":580,\"desc\":\"ข้าวกล้องหอมมะลิต้มสุกกับหมูสับเนื้อแดง (ไม่ติดมัน) ปรุงรสด้วยขิงแก่ซอยและเห็ดหอมสด เสริมโปรตีนด้วยไข่ลวก 2 ฟอง\"},{\"name\":\"กุ้งสดผัดบล็อกโคลี่และเห็ดแชมปิญองข้าวไรซ์เบอร์รี่ (มื้อกลางวัน)\",\"calories\":650,\"desc\":\"กุ้งแชบ๊วยตัวโตผัดกับบล็อกโคลี่และเห็ดโดยใช้น้ำมันรำข้าวเล็กน้อย ปรุงรสด้วยซีอิ๊วขาวลดโซเดียม เสิร์ฟพร้อมข้าวไรซ์เบอร์รี่\"},{\"name\":\"เต้าหู้ขาวนึ่งจิ้มซีอิ๊วและถั่วแระญี่ปุ่น (มื้อว่าง)\",\"calories\":550,\"desc\":\"เต้าหู้ขาวถั่วเหลืองแท้นึ่งอุ่นๆ ทานคู่กับถั่วแระญี่ปุ่นต้ม เป็นของว่างโปรตีนสูงจากพืชและมีกากใยช่วยชะลอการดูดซึมน้ำตาล\"},{\"name\":\"เมี่ยงปลาทูย่างและขนมจีนข้าวกล้อง (มื้อเย็น)\",\"calories\":651,\"desc\":\"ปลาทูย่าง (ไม่ทอด) ทานคู่กับขนมจีนข้าวกล้องและผักสดหลากหลายชนิด ราดน้ำจิ้มถั่วตัดสูตรหวานน้อยและลดเกลือ ให้โปรตีนและโอเมก้า 3 สูง\"}]', '2026-02-25 04:07:18'),
(61, 7, 'user', 'เมนูไก่วันนี้', '2026-02-25 05:33:11'),
(62, 7, 'ai', 'สวัสดีครับ ผมได้จัดเตรียมเมนูแนะนำที่มี **\'ไก่\'** เป็นวัตถุดิบหลักตามที่คุณต้องการ โดยคำนวณสารอาหารให้ครบถ้วนตามเป้าหมาย 2181 kcal ต่อวันครับ\n\nสำหรับผู้ที่มีสภาวะ **เบาหวานและความดันโลหิตสูง** ผมได้เลือกใช้คาร์โบไฮเดรตเชิงซ้อน (ข้าวกล้องและข้าวไรซ์เบอร์รี่) ที่มีค่าดัชนีน้ำตาลต่ำเพื่อช่วยควบคุมระดับน้ำตาลในเลือด และเน้นการปรุงแบบนึ่ง ต้ม หรือผัดด้วยน้ำมันน้อย รวมถึงการใช้สมุนไพรไทย เช่น ขิง มะระ และมะนาว เพื่อช่วยชูรสชาติแทนการใช้โซเดียมในปริมาณสูง ซึ่งจะส่งผลดีต่อความดันโลหิตของคุณครับ ทุกเมนูที่เลือกมามั่นใจได้ว่าไม่ซ้ำกับประวัติการทานล่าสุดแน่นอนครับ|||MENUS|||[{\"name\":\"ข้าวต้มข้าวกล้องอกไก่สับและไข่ลวก (มื้อเช้า)\",\"calories\":500,\"desc\":\"ข้าวกล้องต้มจนนุ่ม อกไก่สับปรุงรสด้วยพริกไทย ใส่ขิงซอยและต้นหอมเพื่อช่วยระบบไหลเวียนโลหิต พร้อมไข่ลวก 1 ฟอง\"},{\"name\":\"อกไก่นึ่งมะนาวทานคู่กับข้าวกล้องและผัดผักบุ้ง (มื้อกลางวัน)\",\"calories\":700,\"desc\":\"อกไก่นึ่งราดซอสมะนาวพริกสดรสชาติจัดจ้านแต่โซเดียมต่ำ ทานคู่กับข้าวกล้องและผัดผักบุ้งไฟแดงที่ใช้น้ำมันมะกอกเล็กน้อย\"},{\"name\":\"ฝรั่งสดและเม็ดมะม่วงหิมพานต์อบ (มื้อว่าง)\",\"calories\":300,\"desc\":\"ฝรั่งแป้นสีทองซึ่งเป็นผลไม้น้ำตาลต่ำวิตามินซีสูง ทานคู่กับเม็ดมะม่วงหิมพานต์อบธรรมชาติไม่เติมเกลือเพื่อรับไขมันดี\"},{\"name\":\"ต้มจืดมะระยัดไส้ไก่สับและข้าวไรซ์เบอร์รี่ (มื้อเย็น)\",\"calories\":681,\"desc\":\"มะระที่มีสรรพคุณช่วยลดระดับน้ำตาลในเลือด ยัดไส้ด้วยอกไก่สับในน้ำซุปสมุนไพร เสิร์ฟพร้อมข้าวไรซ์เบอร์รี่ที่มีไฟเบอร์สูง\"}]', '2026-02-25 05:33:37'),
(63, 7, 'user', 'เมนูไก่วันนี้', '2026-03-03 08:31:30'),
(64, 7, 'ai', 'สวัสดีครับคุณผู้ใช้ ในฐานะเชฟและนักโภชนาการ ผมได้ออกแบบเมนูอาหารไทยที่เน้น **\'อกไก่\'** ตามที่คุณต้องการ โดยคำนวณพลังงานให้ครบตามเป้าหมาย 2181 kcal/วัน\n\nสำหรับผู้ที่มีภาวะ **เบาหวานและคุณความดันโลหิตสูง** ผมได้เลือกใช้คาร์โบไฮเดรตเชิงซ้อนที่มีค่าดัชนีน้ำตาลต่ำ (Low GI) อย่างข้าวกล้องและขนมปังโฮลวีต เพื่อช่วยควบคุมระดับน้ำตาลในเลือด และเน้นการปรุงที่ใช้โซเดียมต่ำ โดยใช้สมุนไพรไทย เช่น ขิง และเครื่องแกงป่า เพื่อช่วยเพิ่มรสชาติแทนการใช้เกลือหรือน้ำปลาปริมาณมาก ซึ่งดีต่อระดับความดันโลหิตครับ ทุกเมนูผ่านการตรวจสอบแล้วว่าไม่ซ้ำกับรายการที่คุณเพิ่งทานไปครับ|||MENUS|||[{\"name\":\"แซนด์วิชอกไก่ย่างขนมปังโฮลวีตและไข่ต้ม\",\"calories\":500,\"desc\":\"ใช้อกไก่ลอกหนังย่าง ขนมปังโฮลวีต 2 แผ่น และไข่ต้ม เพิ่มผักกาดคอสและมะเขือเทศ ให้ใยอาหารสูงและอิ่มนาน\"},{\"name\":\"ข้าวไรซ์เบอร์รี่อกไก่ผัดขิงและเห็ดหูหนู\",\"calories\":650,\"desc\":\"อกไก่ผัดกับขิงสดและเห็ดหูหนู ช่วยระบบไหลเวียนโลหิต ปรุงด้วยซีอิ๊วขาวโซเดียมต่ำ เสิร์ฟพร้อมข้าวไรซ์เบอร์รี่\"},{\"name\":\"สลัดโรลอกไก่ฉีกน้ำจิ้มซีฟู้ดโยเกิร์ต\",\"calories\":331,\"desc\":\"เมนูว่างที่ใช้แป้งสลัดโรลบางๆ ห่อผักสดและอกไก่ฉีก น้ำจิ้มใช้โยเกิร์ตรสธรรมชาติผสมมะนาวและพริกสดแทนน้ำสลัดไขมันสูง\"},{\"name\":\"แกงป่าอกไก่ใส่ผักรวมและข้าวกล้อง\",\"calories\":700,\"desc\":\"แกงป่ารสจัดจ้านจากสมุนไพร ไม่ใส่กะทิ (ลดไขมันอิ่มตัว) ใส่ผักเปาะ ถั่วฝักยาว และกระชาย เสิร์ฟคู่กับข้าวกล้องร้อนๆ\"}]', '2026-03-03 08:31:46'),
(65, 7, 'user', 'เมนูสุขภาพที่ฉันกินได้', '2026-03-04 15:01:30'),
(66, 7, 'user', 'เมนูไก่วันนี้', '2026-03-04 15:02:19'),
(67, 7, 'user', 'เมนูสุขภาพที่ฉันกินได้', '2026-03-04 15:02:58'),
(68, 7, 'user', '3 มื้อ + 1 ว่าง สำหรับวันนี้', '2026-03-04 15:03:52'),
(69, 6, 'user', 'เมนูสุขภาพที่ฉันกินได้', '2026-03-04 15:06:11'),
(70, 6, 'user', 'เมนูไก่วันนี้', '2026-03-04 15:07:57'),
(71, 9, 'user', '3 มื้อ + 1 ว่าง สำหรับวันนี้', '2026-03-04 15:16:05'),
(72, 9, 'user', 'เมนูลาบที่ทานได้', '2026-03-04 15:29:33'),
(73, 9, 'user', 'เมนูไก่วันนี้', '2026-03-04 15:40:06'),
(74, 9, 'user', 'เมนูไก่วันนี้', '2026-03-04 15:40:41'),
(75, 9, 'user', 'เมนูไก่วันนี้', '2026-03-04 15:42:39'),
(76, 9, 'user', 'เมนูสุขภาพที่ฉันกินได้', '2026-03-04 15:44:37'),
(77, 9, 'ai', 'สวัสดีค่ะ ท่านผู้ใช้ ในฐานะเชฟและนักโภชนาการ ดิฉันได้คัดสรรเมนูสุขภาพแสนอร่อย 4 มื้อ ที่เหมาะสำหรับผู้ที่มีภาวะเบาหวานและความดันสูงโดยเฉพาะค่ะ\n\nหลักการในการเลือกเมนูครั้งนี้คือการเน้นอาหารที่มีปริมาณโซเดียมและน้ำตาลต่ำ เลือกใช้คาร์โบไฮเดรตเชิงซ้อน เช่น ข้าวกล้องหรือขนมปังโฮลวีต เพื่อช่วยควบคุมระดับน้ำตาลในเลือด และเน้นโปรตีนไม่ติดมันจากอกไก่หรือปลา รวมถึงผักและธัญพืชที่มีใยอาหารสูง เพื่อส่งเสริมสุขภาพที่ดีโดยรวมค่ะ ทุกเมนูที่แนะนำเป็นเมนูที่สดใหม่ ไม่ซ้ำกับที่ท่านเคยรับประทานมา และปลอดภัยสำหรับโรคประจำตัวของท่านอย่างแน่นอนค่ะ|||MENUS|||[{\"name\":\"แซนด์วิชอกไก่ย่างขนมปังโฮลวีตและไข่ต้ม\",\"calories\":400,\"desc\":\"แซนด์วิชขนมปังโฮลวีตเนื้อนุ่ม สอดไส้อกไก่ย่างหอมกรุ่นและไข่ต้ม โปรตีนสูง ไฟเบอร์ดีต่อระบบขับถ่าย เหมาะสำหรับมื้อเช้าที่ต้องการความรวดเร็วและคุณค่าทางอาหารครบถ้วน\"},{\"name\":\"ข้าวกล้องผัดธัญพืชรวมและอกไก่\",\"calories\":600,\"desc\":\"ข้าวกล้องหอมนุ่มผัดคลุกเคล้ากับธัญพืชหลากสีและอกไก่หั่นเต๋า ปรุงรสอ่อนโยน เน้นประโยชน์จากใยอาหารและโปรตีนที่ดีต่อสุขภาพหัวใจและควบคุมระดับน้ำตาล\"},{\"name\":\"สลัดโรลอกไก่ฉีกน้ำจิ้มซีฟู้ดโยเกิร์ต\",\"calories\":250,\"desc\":\"สลัดโรลสดชื่นอัดแน่นด้วยผักใบเขียวและอกไก่ฉีก ทานคู่กับน้ำจิ้มซีฟู้ดสูตรโยเกิร์ตเปรี้ยวอมหวาน ให้ความสดชื่นและอิ่มเบาๆ เป็นมื้อว่างที่ดีต่อสุขภาพ\"},{\"name\":\"ปลานึ่งมะนาวสูตรโซเดียมต่ำ\",\"calories\":500,\"desc\":\"ปลานิลหรือปลากะพงสดนึ่งกับน้ำซุปมะนาวรสจัดจ้าน เปรี้ยว เผ็ด หอมกลิ่นสมุนไพร โดยลดปริมาณโซเดียมลงเป็นพิเศษ เพื่อสุขภาพที่ดีและรสชาติที่อร่อยกลมกล่อม\"}]', '2026-03-04 15:45:02'),
(78, 9, 'user', 'ผมเป็นโรคอะไร และขอเมนูที่ทานได้', '2026-03-04 15:48:56'),
(79, 9, 'ai', 'สวัสดีครับ ในฐานะเชฟและนักโภชนาการอัจฉริยะ ดิฉันยินดีให้คำแนะนำเกี่ยวกับเมนูอาหารที่เหมาะสมสำหรับคุณนะครับ จากข้อมูลที่คุณให้มา คุณมีโรคประจำตัวคือ **เบาหวาน** และ **ความดันสูง** ครับ ซึ่งจำเป็นต้องควบคุมปริมาณโซเดียม น้ำตาล และเลือกรับประทานคาร์โบไฮเดรตเชิงซ้อน รวมถึงไขมันดีในปริมาณที่เหมาะสมครับ สำหรับเมนูอาหาร ดิฉันได้คัดสรรเมนูอาหารไทยที่มีอยู่ในฐานข้อมูลของเรา โดยคำนึงถึงความปลอดภัยต่อโรคประจำตัวของคุณเป็นสำคัญ ไม่ซ้ำกับเมนูที่คุณเพิ่งทานไป และหลากหลายเพื่อไม่ให้เบื่อหน่ายครับ โดยประมาณการแคลอรี่รวมให้ใกล้เคียงกับเป้าหมาย 2215 kcal/วัน ของคุณมากที่สุดครับ|||MENUS|||[{\"name\":\"มื้อเช้า: ข้าวต้มข้าวกล้องหมูสับทรงเครื่องและไข่ลวก\",\"calories\":500,\"desc\":\"ข้าวต้มข้าวกล้องกับหมูสับไม่ติดมันปรุงรสอ่อนๆ ด้วยซีอิ๊วลดโซเดียม เห็ดหอม แครอท และไข่ลวก ให้พลังงานและโปรตีนที่ดีในมื้อเช้า\"},{\"name\":\"มื้อกลางวัน: ลาบอกไก่ไขมันต่ำ\",\"calories\":600,\"desc\":\"ลาบอกไก่สับปรุงรสจัดจ้านด้วยสมุนไพรไทย ข้าวคั่ว พริกป่น และน้ำปลาลดโซเดียม เสิร์ฟพร้อมผักสดหลากหลายชนิดและข้าวกล้อง เพื่อไฟเบอร์และคาร์โบไฮเดรตเชิงซ้อนที่ดี\"},{\"name\":\"มื้อว่าง: ฝรั่งสดและเม็ดมะม่วงหิมพานต์อบ\",\"calories\":250,\"desc\":\"ฝรั่งสดเนื้อกรอบวิตามินซีสูงและไฟเบอร์ดี ทานคู่กับเม็ดมะม่วงหิมพานต์อบธรรมชาติไม่ปรุงรส (ประมาณ 1 อุ้งมือ) เพื่อเพิ่มไขมันดีและโปรตีน\"},{\"name\":\"มื้อเย็น: สเต็กปลาแซลมอนย่างเกลือพริกไทยและหน่อไม้ฝรั่ง\",\"calories\":700,\"desc\":\"ปลาแซลมอนชิ้นใหญ่ย่างหอมๆ ปรุงรสด้วยเกลือและพริกไทยดำเล็กน้อย ให้โอเมก้า 3 ที่ดีต่อสุขภาพหัวใจ เสิร์ฟพร้อมหน่อไม้ฝรั่งลวกและสลัดผักใบเขียวราดน้ำสลัดใสไขมันต่ำ\"}]', '2026-03-04 15:49:24'),
(80, 9, 'user', 'เมนูสุขภาพที่ฉันกินได้', '2026-03-04 15:58:31'),
(81, 9, 'user', 'เมนูสุขภาพที่ฉันกินได้', '2026-03-04 15:58:45'),
(82, 9, 'ai', 'สวัสดีค่ะ ในฐานะเชฟและนักโภชนาการ ดิฉันได้คัดสรรเมนูอาหารไทยเพื่อสุขภาพสำหรับคุณโดยเฉพาะ โดยคำนึงถึงเป้าหมายแคลอรี่ที่ 2215 kcal/วัน และดูแลอย่างใกล้ชิดเรื่องโรคเบาหวานและความดันสูงที่คุณเป็นอยู่ค่ะ เมนูเหล่านี้จึงเน้นการปรุงแบบลดน้ำตาล ลดโซเดียม เพิ่มใยอาหารจากผักและธัญพืช รวมถึงโปรตีนไม่ติดมัน เพื่อช่วยควบคุมระดับน้ำตาลในเลือดและความดันโลหิตให้อยู่ในเกณฑ์ที่ดี\n\nดิฉันได้ตรวจสอบให้แน่ใจว่าทั้ง 4 เมนูนี้มีความหลากหลาย ไม่ซ้ำกันเอง และไม่ซ้ำกับเมนูที่คุณเพิ่งรับประทานไปเมื่อเร็วๆ นี้ ได้แก่ ข้าวกล้องผัดธัญพืชรวมและอกไก่, สลัดโรลอกไก่ฉีกน้ำจิ้มซีฟู้ดโยเกิร์ต และปลานึ่งมะนาวสูตรโซเดียมต่ำ เพื่อให้คุณได้รับสารอาหารที่ครบถ้วนและไม่เบื่ออาหารค่ะ ทั้งนี้ เมนูที่เลือกมาจากฐานข้อมูลของเรา ซึ่งมั่นใจได้ในเรื่องของส่วนผสมและการปรุงที่เหมาะสมสำหรับสุขภาพของคุณค่ะ|||MENUS|||[{\"name\":\"ข้าวต้มข้าวกล้องหมูสับทรงเครื่องและไข่ลวก\",\"calories\":450,\"desc\":\"ข้าวกล้องเนื้อนุ่มละมุนลิ้น พร้อมหมูสับปรุงรส (เน้นไขมันต่ำ) และไข่ลวก อุดมด้วยโปรตีนและใยอาหาร ช่วยให้อิ่มสบายท้อง\"},{\"name\":\"ลาบอกไก่ไขมันต่ำ\",\"calories\":650,\"desc\":\"ลาบอกไก่สับคลุกเคล้าสมุนไพรไทยหอมๆ รสชาติจัดจ้านแต่ปรุงแบบลดโซเดียมและไขมัน เสิร์ฟพร้อมผักสดนานาชนิด\"},{\"name\":\"ก๋วยเตี๋ยวลุยสวนอกไก่\",\"calories\":250,\"desc\":\"เมนูเพื่อสุขภาพที่อุดมด้วยผักสดนานาชนิดและอกไก่หั่นชิ้น ห่อด้วยแผ่นแป้งนุ่มๆ พร้อมน้ำจิ้มสูตรลดน้ำตาลและโซเดียม\"},{\"name\":\"แกงส้มผักรวมกุ้งสด\",\"calories\":650,\"desc\":\"แกงส้มรสชาติจัดจ้าน เปรี้ยว เผ็ด หอมเครื่องแกง เน้นผักหลากหลายชนิดและกุ้งสด โปรตีนสูง ไขมันต่ำ ไม่ใส่กะทิ เหมาะสำหรับผู้ป่วยเบาหวานและความดัน\"}]', '2026-03-04 15:59:06'),
(83, 9, 'user', 'เมนูสุขภาพที่ฉันกินได้', '2026-03-04 16:03:44'),
(84, 9, 'ai', 'สวัสดีครับ ในฐานะเชฟและนักโภชนาการ ผมได้จัดเตรียมเมนูที่เหมาะสมกับผู้ป่วยเบาหวานและความดันโลหิตสูง โดยเน้นวัตถุดิบที่มีใยอาหารสูง โปรตีนไขมันต่ำ และจำกัดโซเดียม เพื่อช่วยควบคุมระดับน้ำตาลและคอเลสเตอรอลในเลือด เมนูทั้งหมดนี้คัดสรรมาเพื่อความหลากหลายและไม่ซ้ำกับรายการที่คุณเพิ่งรับประทานไป เพื่อให้คุณได้รับสารอาหารที่ครบถ้วนและปลอดภัยครับ|||MENUS|||[{\"name\":\"แกงเลียงกุ้งสดผักรวม\",\"calories\":450,\"desc\":\"แกงไทยน้ำใสไม่กะทิ อุดมด้วยผักหลากหลายชนิด เช่น ฟักทอง บวบ และตำลึง ให้ใยอาหารสูงและโซเดียมต่ำจากเครื่องแกงสมุนไพร\"},{\"name\":\"อกไก่ผัดขิงและเห็ดหูหนู\",\"calories\":650,\"desc\":\"ใช้เนื้ออกไก่ไม่ติดหนังผัดกับขิงสดช่วยขับลมและกระตุ้นระบบเผาผลาญ พร้อมเห็ดหูหนูซึ่งมีส่วนช่วยลดระดับไขมันในเลือด\"},{\"name\":\"สลัดเส้นโซบะเย็นซอสงาญี่ปุ่น\",\"calories\":300,\"desc\":\"ใช้เส้นโซบะซึ่งมีดัชนีน้ำตาลต่ำกว่าแป้งขัดขาว เสิร์ฟพร้อมผักสดและโปรตีนจากเต้าหู้ย่าง เป็นมื้อว่างที่ดีต่อสุขภาพหัวใจ\"},{\"name\":\"สเต็กปลากะพงย่างซอสเลมอน\",\"calories\":815,\"desc\":\"ปลากะพงย่างเน้นโปรตีนคุณภาพสูงและกรดไขมันโอเมก้า 3 ทานคู่กับผักย่าง ช่วยควบคุมความดันโลหิตและดีต่อสุขภาพโดยรวม\"}]', '2026-03-04 16:03:52');

-- --------------------------------------------------------

--
-- Table structure for table `health_profiles`
--

CREATE TABLE `health_profiles` (
  `user_id` int(11) NOT NULL,
  `daily_calorie_target` int(11) DEFAULT NULL,
  `goal_preference` varchar(50) DEFAULT 'lose_normal',
  `dietary_type` varchar(50) DEFAULT NULL,
  `health_conditions` text DEFAULT NULL,
  `updated_at` timestamp NOT NULL DEFAULT current_timestamp() ON UPDATE current_timestamp(),
  `weight` decimal(5,2) DEFAULT 0.00,
  `height` decimal(5,2) DEFAULT 0.00,
  `age` int(11) DEFAULT 0,
  `gender` enum('male','female') DEFAULT 'male',
  `activity_level` enum('sedentary','light','moderate','active','very_active') DEFAULT 'sedentary'
) ENGINE=InnoDB DEFAULT CHARSET=utf8mb4 COLLATE=utf8mb4_general_ci;

--
-- Dumping data for table `health_profiles`
--

INSERT INTO `health_profiles` (`user_id`, `daily_calorie_target`, `goal_preference`, `dietary_type`, `health_conditions`, `updated_at`, `weight`, `height`, `age`, `gender`, `activity_level`) VALUES
(1, 2000, 'lose_normal', 'Vegan', 'None', '2026-01-07 06:12:06', 0.00, 0.00, 0, 'male', 'sedentary'),
(2, 1800, 'lose_normal', 'Normal', 'Diabetes, Hypertension', '2026-01-07 06:12:06', 0.00, 0.00, 0, 'male', 'sedentary'),
(3, 2300, 'lose_normal', 'Normal', 'None', '2026-01-13 04:10:31', 0.00, 0.00, 0, 'male', 'sedentary'),
(4, 2000, 'lose_normal', 'Normal', 'None', '2026-01-15 16:39:02', 0.00, 0.00, 0, 'male', 'sedentary'),
(5, 2444, 'lose_normal', 'normal, clean', 'เบาหวาน, ความดันสูง', '2026-02-12 16:08:22', 112.00, 181.00, 23, 'male', 'light'),
(6, 2507, 'gain_lean', 'clean, keto, lowcarb', 'เบาหวาน, ความดันสูง', '2026-02-21 06:50:31', 53.00, 165.00, 22, 'male', 'moderate'),
(7, 2181, 'maintain', 'normal', 'เบาหวาน, ความดันสูง', '2026-02-25 04:12:09', 80.00, 173.00, 60, 'male', 'light'),
(8, 2249, 'maintain', 'normal', 'ไม่มีโรคประจำตัว', '2026-02-21 08:52:39', 53.00, 165.00, 23, 'male', 'moderate'),
(9, 2215, 'maintain', 'normal', 'เบาหวาน, ความดันสูง', '2026-03-04 15:15:55', 80.00, 173.00, 55, 'male', 'light');

-- --------------------------------------------------------

--
-- Table structure for table `ingredients`
--

CREATE TABLE `ingredients` (
  `id` int(11) NOT NULL,
  `name` varchar(100) NOT NULL,
  `calories_per_100g` decimal(10,2) DEFAULT 0.00,
  `protein_g` decimal(10,2) DEFAULT 0.00,
  `fat_g` decimal(10,2) DEFAULT 0.00,
  `carbs_g` decimal(10,2) DEFAULT 0.00,
  `sodium_mg` decimal(10,2) DEFAULT 0.00,
  `sugar_g` decimal(10,2) DEFAULT 0.00,
  `is_common_allergen` tinyint(1) DEFAULT 0
) ENGINE=InnoDB DEFAULT CHARSET=utf8mb4 COLLATE=utf8mb4_general_ci;

--
-- Dumping data for table `ingredients`
--

INSERT INTO `ingredients` (`id`, `name`, `calories_per_100g`, `protein_g`, `fat_g`, `carbs_g`, `sodium_mg`, `sugar_g`, `is_common_allergen`) VALUES
(1, 'Quinoa', 120.00, 0.00, 0.00, 0.00, 5.00, 0.10, 0),
(2, 'Shrimp', 99.00, 0.00, 0.00, 0.00, 111.00, 0.00, 1),
(3, 'Brown Sugar', 380.00, 0.00, 0.00, 0.00, 1.00, 97.00, 0),
(4, 'Kale', 49.00, 0.00, 0.00, 0.00, 38.00, 0.80, 0),
(5, 'ทูน่าในน้ำแร่ 1 กระป๋อง', 0.00, 0.00, 0.00, 0.00, 0.00, 0.00, 0),
(6, 'อะโวคาโดครึ่งลูก', 0.00, 0.00, 0.00, 0.00, 0.00, 0.00, 0),
(7, 'ผักสลัดรวม', 0.00, 0.00, 0.00, 0.00, 0.00, 0.00, 0),
(8, 'น้ำมะนาว', 0.00, 0.00, 0.00, 0.00, 0.00, 0.00, 0),
(9, 'พริกไทยดำ', 0.00, 0.00, 0.00, 0.00, 0.00, 0.00, 0),
(10, 'บล็อกโคลี่ 1 หัวเล็ก', 0.00, 0.00, 0.00, 0.00, 0.00, 0.00, 0),
(11, 'กุ้งสดแกะเปลือก 5-6 ตัว', 0.00, 0.00, 0.00, 0.00, 0.00, 0.00, 0),
(12, 'กระเทียมสับ 1 ช้อนชา', 0.00, 0.00, 0.00, 0.00, 0.00, 0.00, 0),
(13, 'น้ำมันมะกอก 1 ช้อนชา', 0.00, 0.00, 0.00, 0.00, 0.00, 0.00, 0),
(14, 'ซอสหอยนางรมโซเดียมต่ำ', 0.00, 0.00, 0.00, 0.00, 0.00, 0.00, 0),
(15, 'เต้าหู้ไข่ 1 หลอด', 0.00, 0.00, 0.00, 0.00, 0.00, 0.00, 0),
(16, 'หมูสับไขมันต่ำ 100 กรัม', 0.00, 0.00, 0.00, 0.00, 0.00, 0.00, 0),
(17, 'ผักกาดขาว 200 กรัม', 0.00, 0.00, 0.00, 0.00, 0.00, 0.00, 0),
(18, 'แครอทหั่นแว่น', 0.00, 0.00, 0.00, 0.00, 0.00, 0.00, 0),
(19, 'น้ำซุปผักหรือน้ำเปล่า', 0.00, 0.00, 0.00, 0.00, 0.00, 0.00, 0),
(20, 'ซีอิ๊วขาวและพริกไทย', 0.00, 0.00, 0.00, 0.00, 0.00, 0.00, 0),
(21, 'ไข่ไก่ 2 ฟอง', 0.00, 0.00, 0.00, 0.00, 0.00, 0.00, 0),
(22, 'น้ำเปล่าหรือน้ำซุป 150 มล.', 0.00, 0.00, 0.00, 0.00, 0.00, 0.00, 0),
(23, 'หมูสับเล็กน้อย', 0.00, 0.00, 0.00, 0.00, 0.00, 0.00, 0),
(24, 'แครอทหั่นเต๋า', 0.00, 0.00, 0.00, 0.00, 0.00, 0.00, 0),
(25, 'ต้นหอมซอย', 0.00, 0.00, 0.00, 0.00, 0.00, 0.00, 0),
(26, 'เนื้อปลาแซลมอน 1 ชิ้น', 0.00, 0.00, 0.00, 0.00, 0.00, 0.00, 0),
(27, 'บล็อกโคลี่ 100 กรัม', 0.00, 0.00, 0.00, 0.00, 0.00, 0.00, 0),
(28, 'ซอสเทริยากิโซเดียมต่ำ 1 ช้อนโต๊ะ', 0.00, 0.00, 0.00, 0.00, 0.00, 0.00, 0),
(29, 'งาขาวคั่ว', 0.00, 0.00, 0.00, 0.00, 0.00, 0.00, 0),
(30, 'น้ำมันมะกอกเล็กน้อย', 0.00, 0.00, 0.00, 0.00, 0.00, 0.00, 0),
(31, 'อกไก่หั่นชิ้น 200 กรัม', 0.00, 0.00, 0.00, 0.00, 0.00, 0.00, 0),
(32, 'เห็ดฟาง 100 กรัม', 0.00, 0.00, 0.00, 0.00, 0.00, 0.00, 0),
(33, 'ตะไคร้ ข่า ใบมะกรูด', 0.00, 0.00, 0.00, 0.00, 0.00, 0.00, 0),
(34, 'พริกขี้หนูบุบ', 0.00, 0.00, 0.00, 0.00, 0.00, 0.00, 0),
(35, 'น้ำมะนาว 2 ช้อนโต๊ะ', 0.00, 0.00, 0.00, 0.00, 0.00, 0.00, 0),
(36, 'น้ำปลาลดโซเดียม 1 ช้อนโต๊ะ', 0.00, 0.00, 0.00, 0.00, 0.00, 0.00, 0),
(37, 'อกไก่ 150 กรัม', 0.00, 0.00, 0.00, 0.00, 0.00, 0.00, 0),
(38, 'แครอท บล็อกโคลี่ ข้าวโพดอ่อน', 0.00, 0.00, 0.00, 0.00, 0.00, 0.00, 0),
(39, 'เส้นพาสต้าโฮลวีทต้มสุก 1 ถ้วย', 0.00, 0.00, 0.00, 0.00, 0.00, 0.00, 0),
(40, 'อกไก่สับ 150 กรัม', 0.00, 0.00, 0.00, 0.00, 0.00, 0.00, 0),
(41, 'ใบกะเพรา 1 กำมือ', 0.00, 0.00, 0.00, 0.00, 0.00, 0.00, 0),
(42, 'พริกขี้หนูและกระเทียมโขลก', 0.00, 0.00, 0.00, 0.00, 0.00, 0.00, 0),
(43, 'ซอสปรุงรสโซเดียมต่ำ 1 ช้อนโต๊ะ', 0.00, 0.00, 0.00, 0.00, 0.00, 0.00, 0),
(44, 'น้ำตาลทรายแดงเล็กน้อย', 0.00, 0.00, 0.00, 0.00, 0.00, 0.00, 0),
(45, 'ไข่ไก่ 1 ฟอง', 0.00, 0.00, 0.00, 0.00, 0.00, 0.00, 0),
(46, 'เส้นโซบะต้มสุก 100 กรัม', 0.00, 0.00, 0.00, 0.00, 0.00, 0.00, 0),
(47, 'แตงกวาญี่ปุ่นหั่นเส้น', 0.00, 0.00, 0.00, 0.00, 0.00, 0.00, 0),
(48, 'แครอทหั่นเส้น', 0.00, 0.00, 0.00, 0.00, 0.00, 0.00, 0),
(49, 'ถั่วแระญี่ปุ่น', 0.00, 0.00, 0.00, 0.00, 0.00, 0.00, 0),
(50, 'น้ำสลัดงาคั่วญี่ปุ่น 2 ช้อนโต๊ะ', 0.00, 0.00, 0.00, 0.00, 0.00, 0.00, 0),
(51, 'เต้าหู้ขาวแข็งหั่นเต๋า 1 ก้อน', 0.00, 0.00, 0.00, 0.00, 0.00, 0.00, 0),
(52, 'บล็อกโคลี่', 0.00, 0.00, 0.00, 0.00, 0.00, 0.00, 0),
(53, 'แครอท', 0.00, 0.00, 0.00, 0.00, 0.00, 0.00, 0),
(54, 'ข้าวโพดอ่อน', 0.00, 0.00, 0.00, 0.00, 0.00, 0.00, 0),
(55, 'ซอสหอยนางรมโซเดียมต่ำ 1 ช้อนโต๊ะ', 0.00, 0.00, 0.00, 0.00, 0.00, 0.00, 0),
(56, 'น้ำมันรำข้าวเล็กน้อย', 0.00, 0.00, 0.00, 0.00, 0.00, 0.00, 0),
(57, 'เนื้อวัวบดไม่ติดมัน 150 กรัม', 0.00, 0.00, 0.00, 0.00, 0.00, 0.00, 0),
(58, 'เส้นโซบะต้มสุก 1 ถ้วย', 0.00, 0.00, 0.00, 0.00, 0.00, 0.00, 0),
(59, 'อกไก่ 1 ชิ้น (ประมาณ 150 กรัม)', 0.00, 0.00, 0.00, 0.00, 0.00, 0.00, 0),
(60, 'เห็ดหอมแห้งแช่น้ำให้นิ่ม 3-4 ดอก', 0.00, 0.00, 0.00, 0.00, 0.00, 0.00, 0),
(61, 'ขิงซอย', 0.00, 0.00, 0.00, 0.00, 0.00, 0.00, 0),
(62, 'ต้นหอมหั่นท่อน', 0.00, 0.00, 0.00, 0.00, 0.00, 0.00, 0),
(63, 'ซีอิ๊วขาวโซเดียมต่ำ 1 ช้อนชา', 0.00, 0.00, 0.00, 0.00, 0.00, 0.00, 0),
(64, 'เต้าหู้แข็งหั่นเต๋า', 0.00, 0.00, 0.00, 0.00, 0.00, 0.00, 0),
(65, 'อกไก่สับละเอียด', 0.00, 0.00, 0.00, 0.00, 0.00, 0.00, 0),
(66, 'ข้าวคั่ว', 0.00, 0.00, 0.00, 0.00, 0.00, 0.00, 0),
(67, 'พริกป่น', 0.00, 0.00, 0.00, 0.00, 0.00, 0.00, 0),
(68, 'ฟักทองหั่นชิ้นบาง', 0.00, 0.00, 0.00, 0.00, 0.00, 0.00, 0),
(69, 'ไข่ไก่', 0.00, 0.00, 0.00, 0.00, 0.00, 0.00, 0),
(70, 'กระเทียมสับ', 0.00, 0.00, 0.00, 0.00, 0.00, 0.00, 0),
(71, 'ใบโหระพา', 0.00, 0.00, 0.00, 0.00, 0.00, 0.00, 0),
(72, 'ซีอิ๊วขาวโซเดียมต่ำ', 0.00, 0.00, 0.00, 0.00, 0.00, 0.00, 0),
(73, 'อกไก่หั่นชิ้น 150 กรัม', 0.00, 0.00, 0.00, 0.00, 0.00, 0.00, 0),
(74, 'เม็ดมะม่วงหิมพานต์อบ 1 ช้อนโต๊ะ', 0.00, 0.00, 0.00, 0.00, 0.00, 0.00, 0),
(75, 'พริกหยวกสามสี', 0.00, 0.00, 0.00, 0.00, 0.00, 0.00, 0),
(76, 'หอมหัวใหญ่', 0.00, 0.00, 0.00, 0.00, 0.00, 0.00, 0),
(77, 'หมูสันในสับละเอียด 150 กรัม', 0.00, 0.00, 0.00, 0.00, 0.00, 0.00, 0),
(78, 'ข้าวคั่ว 1 ช้อนโต๊ะ', 0.00, 0.00, 0.00, 0.00, 0.00, 0.00, 0),
(79, 'พริกป่นตามชอบ', 0.00, 0.00, 0.00, 0.00, 0.00, 0.00, 0),
(80, 'เนื้อวัวสับ 150 กรัม', 0.00, 0.00, 0.00, 0.00, 0.00, 0.00, 0),
(81, 'เส้นโซบะ 100 กรัม', 0.00, 0.00, 0.00, 0.00, 0.00, 0.00, 0),
(82, 'เต้าหู้แข็งหั่นแผ่น 100 กรัม', 0.00, 0.00, 0.00, 0.00, 0.00, 0.00, 0),
(83, 'เนยถั่วแบบไม่หวาน 1 ช้อนโต๊ะ', 0.00, 0.00, 0.00, 0.00, 0.00, 0.00, 0),
(84, 'ซีอิ๊วญี่ปุ่น 1 ช้อนโต๊ะ', 0.00, 0.00, 0.00, 0.00, 0.00, 0.00, 0),
(85, 'แตงกวาญี่ปุ่นซอย', 0.00, 0.00, 0.00, 0.00, 0.00, 0.00, 0),
(86, 'กุ้งสดปอกเปลือก 5-6 ตัว', 0.00, 0.00, 0.00, 0.00, 0.00, 0.00, 0),
(87, 'เห็ดออริจิ เห็ดหอม และเห็ดเข็มทอง รวม 200 กรัม', 0.00, 0.00, 0.00, 0.00, 0.00, 0.00, 0),
(88, 'กระเทียมสับ 1 ช้อนโต๊ะ', 0.00, 0.00, 0.00, 0.00, 0.00, 0.00, 0),
(89, 'อกไก่สับ 200 กรัม', 0.00, 0.00, 0.00, 0.00, 0.00, 0.00, 0),
(90, 'ข้าวกล้องหุงสุก 1 ถ้วย', 0.00, 0.00, 0.00, 0.00, 0.00, 0.00, 0),
(91, 'ถั่วลันเตา', 0.00, 0.00, 0.00, 0.00, 0.00, 0.00, 0),
(92, 'แผ่นแป้งก๋วยเตี๋ยวหรือแป้งใบเมี่ยง', 0.00, 0.00, 0.00, 0.00, 0.00, 0.00, 0),
(93, 'อกไก่นึ่งฉีก', 0.00, 0.00, 0.00, 0.00, 0.00, 0.00, 0),
(94, 'ผักกาดหอม', 0.00, 0.00, 0.00, 0.00, 0.00, 0.00, 0),
(95, 'แครอทหั่นฝอย', 0.00, 0.00, 0.00, 0.00, 0.00, 0.00, 0),
(96, 'แตงกวา', 0.00, 0.00, 0.00, 0.00, 0.00, 0.00, 0),
(97, 'เนื้อปลาแซลมอน 150 กรัม', 0.00, 0.00, 0.00, 0.00, 0.00, 0.00, 0),
(98, 'หน่อไม้ฝรั่ง 5-6 ต้น', 0.00, 0.00, 0.00, 0.00, 0.00, 0.00, 0),
(99, 'เกลือและพริกไทยดำ', 0.00, 0.00, 0.00, 0.00, 0.00, 0.00, 0),
(100, 'เต้าหู้ไข่ 1 หลอด (หั่นชิ้น)', 0.00, 0.00, 0.00, 0.00, 0.00, 0.00, 0),
(101, 'บล็อกโคลี่ แครอท ข้าวโพดอ่อน 150 กรัม', 0.00, 0.00, 0.00, 0.00, 0.00, 0.00, 0),
(102, 'ข้าวกล้องหรือข้าวไรซ์เบอร์รี่ 1 ถ้วย', 0.00, 0.00, 0.00, 0.00, 0.00, 0.00, 0),
(103, 'อกไก่หั่นเต๋า 150 กรัม', 0.00, 0.00, 0.00, 0.00, 0.00, 0.00, 0),
(104, 'ถั่วลันเตา แครอท ข้าวโพด 1/2 ถ้วย', 0.00, 0.00, 0.00, 0.00, 0.00, 0.00, 0),
(105, 'เนื้อปลากะพง 200 กรัม', 0.00, 0.00, 0.00, 0.00, 0.00, 0.00, 0),
(106, 'น้ำเลมอน 1 ช้อนโต๊ะ', 0.00, 0.00, 0.00, 0.00, 0.00, 0.00, 0),
(107, 'ผิวเลมอนขูดเล็กน้อย', 0.00, 0.00, 0.00, 0.00, 0.00, 0.00, 0),
(108, 'เนื้อวัวไม่ติดมันหั่นชิ้นบาง 150 กรัม', 0.00, 0.00, 0.00, 0.00, 0.00, 0.00, 0),
(109, 'พริกหวานแดง เขียว เหลือง หั่นเต๋า 1 ถ้วย', 0.00, 0.00, 0.00, 0.00, 0.00, 0.00, 0),
(110, 'หอมหัวใหญ่หั่นเต๋า 1/2 ลูก', 0.00, 0.00, 0.00, 0.00, 0.00, 0.00, 0),
(111, 'วุ้นเส้นแช่น้ำให้นิ่ม 100 กรัม', 0.00, 0.00, 0.00, 0.00, 0.00, 0.00, 0),
(112, 'อกไก่หั่นชิ้น 100 กรัม', 0.00, 0.00, 0.00, 0.00, 0.00, 0.00, 0),
(113, 'เต้าหู้เหลืองหั่นเต๋า 2 ช้อนโต๊ะ', 0.00, 0.00, 0.00, 0.00, 0.00, 0.00, 0),
(114, 'ถั่วงอกและใบกุยช่าย 1 ถ้วย', 0.00, 0.00, 0.00, 0.00, 0.00, 0.00, 0),
(115, 'น้ำมะขามเปียกและน้ำตาลมะพร้าวเล็กน้อย', 0.00, 0.00, 0.00, 0.00, 0.00, 0.00, 0),
(116, 'ถั่วลิสงคั่วบด (ไม่ใส่เกลือ) 1 ช้อนชา', 0.00, 0.00, 0.00, 0.00, 0.00, 0.00, 0),
(117, 'วุ้นเส้นแช่น้ำ 100 กรัม', 0.00, 0.00, 0.00, 0.00, 0.00, 0.00, 0),
(118, 'กุ้งสด 4-5 ตัว', 0.00, 0.00, 0.00, 0.00, 0.00, 0.00, 0),
(119, 'กุ้งสด 5 ตัว', 0.00, 0.00, 0.00, 0.00, 0.00, 0.00, 0),
(120, 'เต้าหู้ขาวแข็ง', 0.00, 0.00, 0.00, 0.00, 0.00, 0.00, 0),
(121, 'เห็ดหอม', 0.00, 0.00, 0.00, 0.00, 0.00, 0.00, 0),
(122, 'ซอสถั่วเหลืองโซเดียมต่ำ', 0.00, 0.00, 0.00, 0.00, 0.00, 0.00, 0),
(123, 'น้ำมันรำข้าว', 0.00, 0.00, 0.00, 0.00, 0.00, 0.00, 0),
(124, 'วุ้นเส้น', 0.00, 0.00, 0.00, 0.00, 0.00, 0.00, 0),
(125, 'หมูสับไม่ติดมัน', 0.00, 0.00, 0.00, 0.00, 0.00, 0.00, 0),
(126, 'อกไก่สับ', 0.00, 0.00, 0.00, 0.00, 0.00, 0.00, 0),
(127, 'หอมแดง', 0.00, 0.00, 0.00, 0.00, 0.00, 0.00, 0),
(128, 'มะเขือเทศ', 0.00, 0.00, 0.00, 0.00, 0.00, 0.00, 0),
(129, 'ขึ้นฉ่าย', 0.00, 0.00, 0.00, 0.00, 0.00, 0.00, 0),
(130, 'พริกขี้หนู', 0.00, 0.00, 0.00, 0.00, 0.00, 0.00, 0),
(131, 'มะนาว', 0.00, 0.00, 0.00, 0.00, 0.00, 0.00, 0),
(132, 'เนื้อปลากะพง', 0.00, 0.00, 0.00, 0.00, 0.00, 0.00, 0),
(133, 'เกลือสมุทร', 0.00, 0.00, 0.00, 0.00, 0.00, 0.00, 0),
(134, 'หน่อไม้ฝรั่ง', 0.00, 0.00, 0.00, 0.00, 0.00, 0.00, 0),
(135, 'แครอทนึ่ง', 0.00, 0.00, 0.00, 0.00, 0.00, 0.00, 0),
(136, 'เต้าหู้แข็งหั่นเต๋า 1 ก้อน', 0.00, 0.00, 0.00, 0.00, 0.00, 0.00, 0),
(137, 'เม็ดมะม่วงหิมพานต์อบ 1/4 ถ้วย', 0.00, 0.00, 0.00, 0.00, 0.00, 0.00, 0),
(138, 'พริกแห้งเม็ดใหญ่ 3-4 เม็ด', 0.00, 0.00, 0.00, 0.00, 0.00, 0.00, 0),
(139, 'หอมหัวใหญ่และพริกหวาน', 0.00, 0.00, 0.00, 0.00, 0.00, 0.00, 0),
(140, 'ฟักทองหั่นชิ้นพอดีคำ 200 กรัม', 0.00, 0.00, 0.00, 0.00, 0.00, 0.00, 0),
(141, 'เนื้อวัวสับไม่ติดมัน 150 กรัม', 0.00, 0.00, 0.00, 0.00, 0.00, 0.00, 0),
(142, 'เส้นสปาเกตตีโฮลวีตต้มสุก 100 กรัม', 0.00, 0.00, 0.00, 0.00, 0.00, 0.00, 0),
(143, 'วุ้นเส้น 100 กรัม', 0.00, 0.00, 0.00, 0.00, 0.00, 0.00, 0),
(144, 'หมูสันในหั่นชิ้น 100 กรัม', 0.00, 0.00, 0.00, 0.00, 0.00, 0.00, 0),
(145, 'วุ้นเส้นลวกสุก 1 ถ้วย', 0.00, 0.00, 0.00, 0.00, 0.00, 0.00, 0),
(146, 'กุ้งสด 5-6 ตัว', 0.00, 0.00, 0.00, 0.00, 0.00, 0.00, 0),
(147, 'ผักรวม (ดอกแค, ผักกาดขาว, ถั่วฝักยาว)', 0.00, 0.00, 0.00, 0.00, 0.00, 0.00, 0),
(148, 'พริกแกงส้ม 2 ช้อนโต๊ะ', 0.00, 0.00, 0.00, 0.00, 0.00, 0.00, 0),
(149, 'น้ำมะขามเปียก 2 ช้อนโต๊ะ', 0.00, 0.00, 0.00, 0.00, 0.00, 0.00, 0),
(150, 'น้ำปลาโซเดียมต่ำ 1 ช้อนโต๊ะ', 0.00, 0.00, 0.00, 0.00, 0.00, 0.00, 0),
(151, 'เนื้อปลาดอร์รี่ 1 ชิ้น', 0.00, 0.00, 0.00, 0.00, 0.00, 0.00, 0),
(152, 'พริกไทยดำป่น 1 ช้อนชา', 0.00, 0.00, 0.00, 0.00, 0.00, 0.00, 0),
(153, 'เกลือป่นเล็กน้อย', 0.00, 0.00, 0.00, 0.00, 0.00, 0.00, 0),
(154, 'เห็ดฟาง 50 กรัม', 0.00, 0.00, 0.00, 0.00, 0.00, 0.00, 0),
(155, 'ตะไคร้ 1 ต้น', 0.00, 0.00, 0.00, 0.00, 0.00, 0.00, 0),
(156, 'ข่า 3 แว่น', 0.00, 0.00, 0.00, 0.00, 0.00, 0.00, 0),
(157, 'ใบมะกรูด 3 ใบ', 0.00, 0.00, 0.00, 0.00, 0.00, 0.00, 0),
(158, 'มะนาว 1 ลูก', 0.00, 0.00, 0.00, 0.00, 0.00, 0.00, 0),
(159, 'พริกขี้หนู 5 เม็ด', 0.00, 0.00, 0.00, 0.00, 0.00, 0.00, 0),
(160, 'หอมแดงซอย 3 หัว', 0.00, 0.00, 0.00, 0.00, 0.00, 0.00, 0),
(161, 'พริกป่น 1 ช้อนชา', 0.00, 0.00, 0.00, 0.00, 0.00, 0.00, 0),
(162, 'ผักชีฝรั่ง 1 ต้น', 0.00, 0.00, 0.00, 0.00, 0.00, 0.00, 0),
(163, 'น้ำมะนาว 1 ช้อนโต๊ะ', 0.00, 0.00, 0.00, 0.00, 0.00, 0.00, 0),
(164, 'กระเทียมสับ 2 ช้อนโต๊ะ', 0.00, 0.00, 0.00, 0.00, 0.00, 0.00, 0),
(165, 'พริกขี้หนูสับ 1 ช้อนโต๊ะ', 0.00, 0.00, 0.00, 0.00, 0.00, 0.00, 0),
(166, 'ผักชี 1 ต้น', 0.00, 0.00, 0.00, 0.00, 0.00, 0.00, 0),
(167, 'กะหล่ำปลีรองจาน', 0.00, 0.00, 0.00, 0.00, 0.00, 0.00, 0),
(168, 'พริกขี้หนูและกระเทียมตำ', 0.00, 0.00, 0.00, 0.00, 0.00, 0.00, 0),
(169, 'ฟักทอง บวบเหลี่ยม ข้าวโพดอ่อน', 0.00, 0.00, 0.00, 0.00, 0.00, 0.00, 0),
(170, 'ใบแมงลัก', 0.00, 0.00, 0.00, 0.00, 0.00, 0.00, 0),
(171, 'หอมแดง พริกไทยดำ กะปิแท้ (เครื่องแกง)', 0.00, 0.00, 0.00, 0.00, 0.00, 0.00, 0),
(172, 'พริกแห้ง หอมหัวใหญ่ พริกหวาน', 0.00, 0.00, 0.00, 0.00, 0.00, 0.00, 0),
(173, 'ซอสปรุงรสโซเดียมต่ำ', 0.00, 0.00, 0.00, 0.00, 0.00, 0.00, 0),
(174, 'กุ้งสด 150 กรัม', 0.00, 0.00, 0.00, 0.00, 0.00, 0.00, 0),
(175, 'ชะอม 1 กำ', 0.00, 0.00, 0.00, 0.00, 0.00, 0.00, 0),
(176, 'น้ำมะขามเปียก 3 ช้อนโต๊ะ', 0.00, 0.00, 0.00, 0.00, 0.00, 0.00, 0),
(177, 'ผักรวมตามชอบ', 0.00, 0.00, 0.00, 0.00, 0.00, 0.00, 0),
(178, 'ข่า ตะไคร้ ใบมะกรูด', 0.00, 0.00, 0.00, 0.00, 0.00, 0.00, 0),
(179, 'มะนาว 2 ช้อนโต๊ะ', 0.00, 0.00, 0.00, 0.00, 0.00, 0.00, 0),
(180, 'ผักชีฝรั่ง', 0.00, 0.00, 0.00, 0.00, 0.00, 0.00, 0),
(181, 'ผักบุ้งจีน 1 กำ', 0.00, 0.00, 0.00, 0.00, 0.00, 0.00, 0),
(182, 'พริกแดงจินดา 3-5 เม็ด', 0.00, 0.00, 0.00, 0.00, 0.00, 0.00, 0),
(183, 'เต้าเจี้ยวลดโซเดียม 1 ช้อนชา', 0.00, 0.00, 0.00, 0.00, 0.00, 0.00, 0),
(184, 'น้ำมันรำข้าว 1 ช้อนชา', 0.00, 0.00, 0.00, 0.00, 0.00, 0.00, 0),
(185, 'น้ำปลาลดโซเดียม', 0.00, 0.00, 0.00, 0.00, 0.00, 0.00, 0),
(186, 'ปลากะพงขาว', 0.00, 0.00, 0.00, 0.00, 0.00, 0.00, 0),
(187, 'พริกขี้หนูสับ', 0.00, 0.00, 0.00, 0.00, 0.00, 0.00, 0),
(188, 'รากผักชี', 0.00, 0.00, 0.00, 0.00, 0.00, 0.00, 0),
(189, 'อกไก่หั่นชิ้น', 0.00, 0.00, 0.00, 0.00, 0.00, 0.00, 0),
(190, 'ใบกะเพรา', 0.00, 0.00, 0.00, 0.00, 0.00, 0.00, 0),
(191, 'กระเทียม', 0.00, 0.00, 0.00, 0.00, 0.00, 0.00, 0),
(192, 'ซอสหอยนางรมลดโซเดียม', 0.00, 0.00, 0.00, 0.00, 0.00, 0.00, 0),
(193, 'กุ้งสด 100 กรัม', 0.00, 0.00, 0.00, 0.00, 0.00, 0.00, 0),
(194, 'ผักกาดขาว', 0.00, 0.00, 0.00, 0.00, 0.00, 0.00, 0),
(195, 'ถั่วฝักยาว', 0.00, 0.00, 0.00, 0.00, 0.00, 0.00, 0),
(196, 'ดอกแค', 0.00, 0.00, 0.00, 0.00, 0.00, 0.00, 0),
(197, 'พริกแกงส้ม', 0.00, 0.00, 0.00, 0.00, 0.00, 0.00, 0),
(198, 'น้ำมะขามเปียก', 0.00, 0.00, 0.00, 0.00, 0.00, 0.00, 0),
(199, 'พริกแห้งเม็ดใหญ่', 0.00, 0.00, 0.00, 0.00, 0.00, 0.00, 0),
(200, 'ต้นหอม', 0.00, 0.00, 0.00, 0.00, 0.00, 0.00, 0),
(201, 'วุ้นเส้นลวก 100 กรัม', 0.00, 0.00, 0.00, 0.00, 0.00, 0.00, 0),
(202, 'กุ้งและปลาหมึก 100 กรัม', 0.00, 0.00, 0.00, 0.00, 0.00, 0.00, 0),
(203, 'หมูสับไร้มัน 50 กรัม', 0.00, 0.00, 0.00, 0.00, 0.00, 0.00, 0),
(204, 'น้ำมะนาวและพริกขี้หนู', 0.00, 0.00, 0.00, 0.00, 0.00, 0.00, 0),
(205, 'กุ้งสดปอกเปลือก', 0.00, 0.00, 0.00, 0.00, 0.00, 0.00, 0),
(206, 'เห็ดฟาง', 0.00, 0.00, 0.00, 0.00, 0.00, 0.00, 0),
(207, 'ตะไคร้', 0.00, 0.00, 0.00, 0.00, 0.00, 0.00, 0),
(208, 'ข่า', 0.00, 0.00, 0.00, 0.00, 0.00, 0.00, 0),
(209, 'ใบมะกรูด', 0.00, 0.00, 0.00, 0.00, 0.00, 0.00, 0),
(210, 'หอมแดงซอย', 0.00, 0.00, 0.00, 0.00, 0.00, 0.00, 0),
(211, 'ใบสะระแหน่', 0.00, 0.00, 0.00, 0.00, 0.00, 0.00, 0),
(212, 'กุ้งสด', 0.00, 0.00, 0.00, 0.00, 0.00, 0.00, 0),
(213, 'บวบเหลี่ยม', 0.00, 0.00, 0.00, 0.00, 0.00, 0.00, 0),
(214, 'ฟักทอง', 0.00, 0.00, 0.00, 0.00, 0.00, 0.00, 0),
(215, 'ตำลึง', 0.00, 0.00, 0.00, 0.00, 0.00, 0.00, 0),
(216, 'กะปิ', 0.00, 0.00, 0.00, 0.00, 0.00, 0.00, 0),
(217, 'ปลากะพง 1 ตัว', 0.00, 0.00, 0.00, 0.00, 0.00, 0.00, 0),
(218, 'มะนาว 3 ลูก', 0.00, 0.00, 0.00, 0.00, 0.00, 0.00, 0),
(219, 'พริกขี้หนูสับ 10 เม็ด', 0.00, 0.00, 0.00, 0.00, 0.00, 0.00, 0),
(220, 'น้ำปลาลดโซเดียม 2 ช้อนโต๊ะ', 0.00, 0.00, 0.00, 0.00, 0.00, 0.00, 0),
(221, 'ผักชี', 0.00, 0.00, 0.00, 0.00, 0.00, 0.00, 0),
(222, 'มะละกอดิบขูดเส้น 1 ถ้วย', 0.00, 0.00, 0.00, 0.00, 0.00, 0.00, 0),
(223, 'อกไก่ 200 กรัม', 0.00, 0.00, 0.00, 0.00, 0.00, 0.00, 0),
(224, 'มะเขือเทศราชินี 5 ลูก', 0.00, 0.00, 0.00, 0.00, 0.00, 0.00, 0),
(225, 'ถั่วฝักยาว 1 ฝัก', 0.00, 0.00, 0.00, 0.00, 0.00, 0.00, 0),
(226, 'ถั่วลิสงคั่วไม่ใส่เกลือ 1 ช้อนโต๊ะ', 0.00, 0.00, 0.00, 0.00, 0.00, 0.00, 0),
(227, 'พริกไทยดำและรากผักชีสำหรับหมักไก่', 0.00, 0.00, 0.00, 0.00, 0.00, 0.00, 0),
(228, 'กุ้งสดปอกเปลือก 150 กรัม', 0.00, 0.00, 0.00, 0.00, 0.00, 0.00, 0),
(229, 'บล็อกโคลี 1 หัวเล็ก', 0.00, 0.00, 0.00, 0.00, 0.00, 0.00, 0),
(230, 'แครอทหั่นแว่น 1/4 หัว', 0.00, 0.00, 0.00, 0.00, 0.00, 0.00, 0),
(231, 'ซอสหอยนางรมลดโซเดียม 1 ช้อนโต๊ะ', 0.00, 0.00, 0.00, 0.00, 0.00, 0.00, 0),
(232, 'กุ้งสดแกะเปลือก', 0.00, 0.00, 0.00, 0.00, 0.00, 0.00, 0),
(233, 'เห็ดหูหนู', 0.00, 0.00, 0.00, 0.00, 0.00, 0.00, 0),
(234, 'ซีอิ๊วขาวลดโซเดียม', 0.00, 0.00, 0.00, 0.00, 0.00, 0.00, 0),
(235, 'เนื้อปลาทับทิม', 0.00, 0.00, 0.00, 0.00, 0.00, 0.00, 0),
(236, 'พริกชี้ฟ้าแดงซอย', 0.00, 0.00, 0.00, 0.00, 0.00, 0.00, 0),
(237, 'ซีอิ๊วขาว', 0.00, 0.00, 0.00, 0.00, 0.00, 0.00, 0),
(238, 'น้ำมันงาเล็กน้อย', 0.00, 0.00, 0.00, 0.00, 0.00, 0.00, 0),
(239, 'วุ้นเส้นแช่น้ำ', 0.00, 0.00, 0.00, 0.00, 0.00, 0.00, 0),
(240, 'เห็ดเข็มทอง', 0.00, 0.00, 0.00, 0.00, 0.00, 0.00, 0),
(241, 'พริกแห้ง', 0.00, 0.00, 0.00, 0.00, 0.00, 0.00, 0),
(242, 'น้ำมันหอยโซเดียมต่ำ', 0.00, 0.00, 0.00, 0.00, 0.00, 0.00, 0),
(243, 'ปลานิล 1 ตัว', 0.00, 0.00, 0.00, 0.00, 0.00, 0.00, 0),
(244, 'น้ำมะนาว 3 ช้อนโต๊ะ', 0.00, 0.00, 0.00, 0.00, 0.00, 0.00, 0),
(245, 'น้ำปลาโซเดียมต่ำ 2 ช้อนโต๊ะ', 0.00, 0.00, 0.00, 0.00, 0.00, 0.00, 0),
(246, 'ผักชีและขึ้นฉ่าย', 0.00, 0.00, 0.00, 0.00, 0.00, 0.00, 0),
(247, 'บล็อกโคลี่ 1/2 หัว', 0.00, 0.00, 0.00, 0.00, 0.00, 0.00, 0),
(248, 'แครอทหั่นแว่น 1/2 หัว', 0.00, 0.00, 0.00, 0.00, 0.00, 0.00, 0),
(249, 'ข้าวโพดอ่อน 5-6 ฝัก', 0.00, 0.00, 0.00, 0.00, 0.00, 0.00, 0),
(250, 'หมูสับไม่ติดมัน 100 กรัม', 0.00, 0.00, 0.00, 0.00, 0.00, 0.00, 0),
(251, 'รากผักชี กระเทียม พริกไทยโขลก', 0.00, 0.00, 0.00, 0.00, 0.00, 0.00, 0),
(252, 'ซีอิ๊วขาวโซเดียมต่ำ 1 ช้อนโต๊ะ', 0.00, 0.00, 0.00, 0.00, 0.00, 0.00, 0),
(253, 'น้ำปลาโซเดียมต่ำ', 0.00, 0.00, 0.00, 0.00, 0.00, 0.00, 0),
(254, 'หมูสันในสับ 200 กรัม', 0.00, 0.00, 0.00, 0.00, 0.00, 0.00, 0),
(255, 'กระชายหั่นฝอย', 0.00, 0.00, 0.00, 0.00, 0.00, 0.00, 0),
(256, 'พริกไทยอ่อน', 0.00, 0.00, 0.00, 0.00, 0.00, 0.00, 0),
(257, 'พริกแกงเผ็ดเล็กน้อย', 0.00, 0.00, 0.00, 0.00, 0.00, 0.00, 0),
(258, 'วุ้นเส้น 50 กรัม', 0.00, 0.00, 0.00, 0.00, 0.00, 0.00, 0),
(259, 'อกไก่สับ 100 กรัม', 0.00, 0.00, 0.00, 0.00, 0.00, 0.00, 0),
(260, 'หอมแดงสไลด์', 0.00, 0.00, 0.00, 0.00, 0.00, 0.00, 0),
(261, 'ขึ้นฉ่ายและมะเขือเทศ', 0.00, 0.00, 0.00, 0.00, 0.00, 0.00, 0),
(262, 'พริกขี้หนูและน้ำมะนาว', 0.00, 0.00, 0.00, 0.00, 0.00, 0.00, 0),
(263, 'น้ำปลาสูตรลดโซเดียม', 0.00, 0.00, 0.00, 0.00, 0.00, 0.00, 0),
(264, 'เนื้อปลากะพง 150 กรัม', 0.00, 0.00, 0.00, 0.00, 0.00, 0.00, 0),
(265, 'หอมหัวใหญ่และต้นหอม', 0.00, 0.00, 0.00, 0.00, 0.00, 0.00, 0),
(266, 'พริกหวาน', 0.00, 0.00, 0.00, 0.00, 0.00, 0.00, 0),
(267, 'ถั่วฝักยาวหั่นท่อน 100 กรัม', 0.00, 0.00, 0.00, 0.00, 0.00, 0.00, 0),
(268, 'พริกแกงเผ็ด 1 ช้อนโต๊ะ', 0.00, 0.00, 0.00, 0.00, 0.00, 0.00, 0),
(269, 'ใบมะกรูดฉีก', 0.00, 0.00, 0.00, 0.00, 0.00, 0.00, 0),
(270, 'น้ำตาลหญ้าหวานเล็กน้อย', 0.00, 0.00, 0.00, 0.00, 0.00, 0.00, 0),
(271, 'ปลากะพงขาวหรือปลาทับทิม 250 กรัม', 0.00, 0.00, 0.00, 0.00, 0.00, 0.00, 0),
(272, 'น้ำมะนาว 1.5 ช้อนโต๊ะ', 0.00, 0.00, 0.00, 0.00, 0.00, 0.00, 0),
(273, 'ผักชีฝรั่งและใบสะระแหน่', 0.00, 0.00, 0.00, 0.00, 0.00, 0.00, 0),
(274, 'บรอกโคลี 100 กรัม', 0.00, 0.00, 0.00, 0.00, 0.00, 0.00, 0),
(275, 'แครอทหั่นแว่น 50 กรัม', 0.00, 0.00, 0.00, 0.00, 0.00, 0.00, 0),
(276, 'ขิงซอยละเอียด 1/2 ถ้วย', 0.00, 0.00, 0.00, 0.00, 0.00, 0.00, 0),
(277, 'เห็ดหูหนูดำ 50 กรัม', 0.00, 0.00, 0.00, 0.00, 0.00, 0.00, 0),
(278, 'หอมใหญ่หั่นชิ้น 1/4 ลูก', 0.00, 0.00, 0.00, 0.00, 0.00, 0.00, 0),
(279, 'ซี่โครงวัว', 0.00, 0.00, 0.00, 0.00, 0.00, 0.00, 0);

-- --------------------------------------------------------

--
-- Table structure for table `meal_logs`
--

CREATE TABLE `meal_logs` (
  `id` bigint(20) NOT NULL,
  `user_id` int(11) NOT NULL,
  `recipe_id` int(11) NOT NULL,
  `meal_type` varchar(20) NOT NULL,
  `logged_at` timestamp NOT NULL DEFAULT current_timestamp()
) ENGINE=InnoDB DEFAULT CHARSET=utf8mb4 COLLATE=utf8mb4_general_ci;

--
-- Dumping data for table `meal_logs`
--

INSERT INTO `meal_logs` (`id`, `user_id`, `recipe_id`, `meal_type`, `logged_at`) VALUES
(2, 6, 45, 'lunch', '2026-02-17 16:51:57'),
(3, 6, 69, 'dinner', '2026-02-17 16:52:04'),
(4, 6, 32, 'breakfast', '2026-02-17 16:53:51'),
(5, 7, 112, 'breakfast', '2026-02-23 17:55:29'),
(6, 7, 113, 'lunch', '2026-02-23 17:55:35'),
(7, 7, 114, 'dinner', '2026-02-23 17:55:38'),
(10, 7, 113, 'lunch', '2026-02-23 17:56:37'),
(11, 7, 32, 'dinner', '2026-02-23 17:56:43'),
(12, 7, 115, 'breakfast', '2026-02-24 04:44:07'),
(13, 7, 116, 'snack', '2026-02-24 04:46:31'),
(14, 7, 117, 'breakfast', '2026-02-25 04:08:04'),
(15, 7, 118, 'lunch', '2026-02-25 08:41:04'),
(16, 7, 119, 'snack', '2026-02-25 08:41:13'),
(18, 7, 121, 'dinner', '2026-02-25 08:41:42'),
(19, 7, 122, 'breakfast', '2026-03-03 08:44:17'),
(20, 7, 123, 'lunch', '2026-03-03 08:46:43'),
(21, 7, 124, 'snack', '2026-03-03 08:46:49'),
(22, 9, 125, 'breakfast', '2026-03-04 15:51:03'),
(23, 9, 126, 'lunch', '2026-03-04 15:51:09'),
(24, 9, 127, 'snack', '2026-03-04 15:51:13'),
(25, 9, 128, 'dinner', '2026-03-04 15:51:17'),
(26, 9, 129, 'snack', '2026-03-04 15:51:24');

-- --------------------------------------------------------

--
-- Table structure for table `news`
--

CREATE TABLE `news` (
  `id` int(11) NOT NULL,
  `title` varchar(255) NOT NULL,
  `content` text NOT NULL,
  `image_url` varchar(255) DEFAULT NULL,
  `created_at` timestamp NOT NULL DEFAULT current_timestamp()
) ENGINE=InnoDB DEFAULT CHARSET=utf8mb4 COLLATE=utf8mb4_general_ci;

--
-- Dumping data for table `news`
--

INSERT INTO `news` (`id`, `title`, `content`, `image_url`, `created_at`) VALUES
(4, '‘สุขใจที่ได้กลืน’ 52 สูตรอาหารง่ายๆ ยกระดับคุณภาพชีวิต- โภชนาการของผู้สูงอายุ - แนวหน้า', 'กินข้าวแซ่บแน่นอน', 'https://images.unsplash.com/photo-1490818387583-1b5f2223d20d?w=600&q=80', '2026-02-23 16:46:08'),
(5, '‘สุขใจที่ได้กลืน’ 52 สูตรอาหารง่ายๆ ยกระดับคุณภาพชีวิต- โภชนาการของผู้สูงอายุ - แนวหน้า', '**สรุปข่าว:** เปิดตัวหนังสือ \"สุขใจที่ได้กลืน\" รวบรวม 52 สูตรอาหารทำง่ายที่เน้นให้ผู้สูงอายุเคี้ยวและกลืนสะดวกขึ้น เพื่อช่วยให้ได้รับสารอาหารครบถ้วนและมีคุณภาพชีวิตที่ดีขึ้นในทุกมื้ออาหาร\n\n**เมนูอาหารสุขภาพแนะนำ:** **ไข่ตุ๋นทรงเครื่องเนื้อเนียน** (เน้นเนื้อสัมผัสนุ่ม ย่อยง่าย โปรตีนสูง และกลืนสะดวกสำหรับผู้สูงอายุ)', 'https://images.unsplash.com/photo-1490818387583-1b5f2223d20d?w=600&q=80', '2026-02-23 16:48:41'),
(6, '‘สุขใจที่ได้กลืน’ 52 สูตรอาหารง่ายๆ ยกระดับคุณภาพชีวิต- โภชนาการของผู้สูงอายุ - แนวหน้า', '**สรุปข่าว:**\nหนังสือ \"สุขใจที่ได้กลืน\" รวบรวม 52 สูตรอาหารที่ออกแบบมาเพื่อผู้สูงอายุ โดยเฉพาะกลุ่มที่มีปัญหาเรื่องการเคี้ยวและการกลืน ซึ่งเป็นสาเหตุสำคัญที่ทำให้เบื่ออาหารและขาดสารอาหาร เมนูในเล่มเน้นวัตถุดิบที่อ่อนนุ่ม ย่อยง่าย แต่ยังคงรสชาติอร่อยและมีคุณค่าทางโภชนาการครบถ้วน เพื่อช่วยให้ผู้สูงอายุกลับมามีความสุขกับการรับประทานอาหารอีกครั้ง ช่วยสร้างเสริมสุขภาพที่ดีและยกระดับคุณภาพชีวิตให้ยืนยาว\n\n**เมนูสุขภาพแนะนำ: \"ไข่ตุ๋นปลากะพง\"**\nเป็นเมนูที่เนื้อสัมผัสเนียนนุ่ม กลืนสะดวกมาก เหมาะกับผู้สูงอายุที่มีปัญหาเรื่องฟันหรือการกลืน ให้โปรตีนคุณภาพดีจากทั้งไข่และปลาซึ่งย่อยง่าย ช่วยซ่อมแซมส่วนที่สึกหรอของร่างกายได้เป็นอย่างดีครับ', 'https://images.unsplash.com/photo-1490818387583-1b5f2223d20d?w=600&q=80', '2026-02-23 16:52:13'),
(7, 'ตลาดขนมขบเคี้ยวเพื่อสุขภาพและฉลากสะอาด (Clean Label) เติบโตต่อเนื่อง - ditp.go.th', '**สรุปข่าวเทรนด์ขนมเพื่อสุขภาพ (Clean Label)**\n\nปัจจุบันผู้บริโภคทั่วโลกหันมาใส่ใจสุขภาพมากขึ้น ทำให้ตลาดขนมขบเคี้ยวแบบ **\"Clean Label\"** เติบโตอย่างรวดเร็ว โดยเน้นขนมที่ทำจากวัตถุดิบธรรมชาติ ไม่ใส่สารกันเสีย สารปรุงแต่ง หรือสีสังเคราะห์ และต้องมีฉลากที่อ่านง่าย โปร่งใส บอกที่มาชัดเจน เทรนด์นี้ถือเป็นโอกาสทองของไทยในการนำวัตถุดิบเกษตร เช่น ผลไม้ หรือธัญพืช มาแปรรูปเป็นขนมพรีเมียมเพื่อส่งออก เพราะตอบโจทย์คนที่อยากกินของว่างแต่ยังได้ประโยชน์และปลอดภัยต่อร่างกาย\n\n**เมนูสุขภาพที่แนะนำ:**\n**\"กราโนล่าธัญพืชรวมและผลไม้อบแห้ง (สูตรไม่เติมน้ำตาล)\"** เป็นเมนูที่ใช้พลังงานจากธรรมชาติแท้ๆ ให้กากใยสูง และไม่มีสารเจือปน สอดคล้องกับแนวคิด Clean Label ที่เน้นความเรียบง่ายแต่ได้สุขภาพครับ', 'https://images.unsplash.com/photo-1490818387583-1b5f2223d20d?w=600&q=80', '2026-02-23 16:52:13'),
(8, '‘52 สูตรอาหาร’ จากจุฬาฯ คัมภีร์ชีวิตของ ‘สูงวัย’ กลืนกินง่าย-ได้สุขภาพดี - TheCoverage.info', '**สรุปข่าว:**\nจุฬาลงกรณ์มหาวิทยาลัยเปิดตัวคู่มือ \"52 สูตรอาหาร\" เพื่อแก้ปัญหาผู้สูงอายุที่มีภาวะเคี้ยวและกลืนลำบาก ซึ่งเป็นสาเหตุให้เบื่ออาหารและขาดสารอาหาร โดยทีมผู้เชี่ยวชาญได้ออกแบบเมนูที่เคี้ยวง่าย ย่อยง่าย แต่มีสารอาหารครบถ้วนและรสชาติอร่อย ครอบคลุมเมนูหลากหลายตลอด 52 สัปดาห์ เพื่อให้ผู้ดูแลสามารถทำตามได้จริง ช่วยให้ผู้สูงอายุกลับมามีความสุขกับการรับประทานอาหารและมีคุณภาพชีวิตที่ดีขึ้นอย่างยั่งยืน\n\n**เมนูอาหารสุขภาพที่แนะนำ:**\n**\"เต้าหู้ไข่นึ่งหมูสับแครอท\"**\n*   **เหตุผลที่แนะนำ:** เป็นเมนูที่มีเนื้อสัมผัสอ่อนนุ่มมาก (Soft Diet) เคี้ยวและกลืนง่าย เหมาะกับผู้สูงอายุ โดยเต้าหู้ไข่ให้โปรตีนสูง หมูสับละเอียดช่วยเพิ่มพลังงาน และแครอทสับละเอียดให้วิตามินและสีสันที่ช่วยกระตุ้นความอยากอาหารครับ', 'https://images.unsplash.com/photo-1490818387583-1b5f2223d20d?w=600&q=80', '2026-02-23 16:52:13'),
(9, '‘สุขใจที่ได้กลืน’ 52 สูตรอาหารง่ายๆ ยกระดับคุณภาพชีวิต- โภชนาการของผู้สูงอายุ - แนวหน้า', 'ข่าวนี้สรุปถึงการจัดทำคู่มือสูตรอาหารสุขใจที่ได้กลืนจำนวน 52 เมนูที่เน้นการปรับปรุงโภชนาการและยกระดับคุณภาพชีวิตของผู้สูงอายุผ่านอาหารที่ทำง่ายและช่วยลดอุปสรรคในการกลืนเพื่อให้ผู้สูงอายุได้รับสารอาหารเพียงพอและมีความสุขในการกิน เมนูสุขภาพที่แนะนำคือไข่ตุ๋นปลากะพงเนื้อนุ่มซึ่งประกอบด้วยไข่ไก่ที่มีโปรตีนคุณภาพดีผสมน้ำซุปและเนื้อปลากะพงสับละเอียดนึ่งจนเข้าเนื้อเป็นอาหารอ่อนที่กลืนง่ายย่อยสะดวกและให้สารอาหารจำเป็นครบถ้วนเหมาะสำหรับผู้สูงอายุที่มีปัญหาเรื่องการบดเคี้ยวและการกลืนอย่างมาก', 'https://images.unsplash.com/photo-1490818387583-1b5f2223d20d?w=600&q=80', '2026-02-23 17:16:33'),
(10, '‘สุขใจที่ได้กลืน’ 52 สูตรอาหารง่ายๆ ยกระดับคุณภาพชีวิต- โภชนาการของผู้สูงอายุ - แนวหน้า', 'ข่าวนี้กล่าวถึงการเปิดตัวคู่มือสูตรอาหารชื่อสุขใจที่ได้กลืนซึ่งรวบรวม 52 เมนูที่ทำง่ายและเหมาะสมกับโภชนาการของผู้สูงอายุโดยเฉพาะ โดยเน้นการแก้ปัญหาเรื่องการเคี้ยวและการกลืนลำบากเพื่อให้ผู้สูงอายุได้รับสารอาหารที่ครบถ้วนและมีความสุขในการรับประทานอาหารมากขึ้นซึ่งจะส่งผลดีต่อคุณภาพชีวิตในระยะยาว เมนูสุขภาพที่ขอแนะนำคือไข่ตุ๋นปลากะพงใส่เต้าหู้หลอดเนื่องจากเป็นเมนูที่มีเนื้อสัมผัสนุ่มละมุนและลื่นคอช่วยให้กลืนง่ายลดความเสี่ยงจากการสำลัก อีกทั้งยังเป็นแหล่งโปรตีนชั้นดีที่ย่อยง่ายและมีโอเมก้าสามจากเนื้อปลาซึ่งช่วยบำรุงสมองและซ่อมแซมส่วนที่สึกหรอของร่างกายผู้สูงอายุได้เป็นอย่างดีโดยสามารถเพิ่มผักบดละเอียดลงไปเพื่อเพิ่มวิตามินและใยอาหารได้อีกด้วย', 'https://images.unsplash.com/photo-1490818387583-1b5f2223d20d?w=600&q=80', '2026-02-23 17:26:37'),
(11, 'ชมรมสมองใสใจสบาย จับมือ KCG และ อินเตอร์คอนติเนนตัล กรุงเทพฯ จัดงานกาล่าการกุศล ถอดรหัส ‘โภชนาการ 4 ดี’ สู่มื้ออาหารป้องกันสมอง-กาย-ใจ-โลก - แนวหน้า', 'ชมรมสมองใสใจสบายร่วมกับพันธมิตรจัดงานกาล่าการกุศลเพื่อนำเสนอแนวคิดโภชนาการ 4 ดี ซึ่งเป็นการเลือกรับประทานอาหารเพื่อบำรุงทั้งสมอง ร่างกาย และจิตใจ ควบคู่ไปกับการดูแลสิ่งแวดล้อมอย่างยั่งยืนเพื่อป้องกันความเสื่อมของสุขภาพในระยะยาว เมนูอาหารสุขภาพที่แนะนำคือสลัดคีนัวรวมมิตรธัญพืชเสิร์ฟพร้อมปลากะพงนึ่งสมุนไพรไทย เนื่องจากคีนัวและธัญพืชให้พลังงานและกากใยที่ดีต่อร่างกาย ปลากะพงเป็นแหล่งโปรตีนและโอเมก้าสามที่ช่วยบำรุงสมอง ส่วนสมุนไพรไทยมีสารต้านอนุมูลอิสระช่วยลดความเครียดและบำรุงจิตใจ อีกทั้งการเลือกใช้วัตถุดิบพื้นถิ่นยังช่วยลดการปล่อยก๊าซคาร์บอนจากการขนส่งซึ่งดีต่อโลกตามหลักการโภชนาการที่ยั่งยืนอย่างครบถ้วนทุกมิติตามข่าวนี้ครับ', 'https://images.unsplash.com/photo-1490818387583-1b5f2223d20d?w=600&q=80', '2026-02-23 17:31:24'),
(12, 'ดราม่า &quot;โอนเบี้ยเลี้ยงตรงให้นักกีฬา&quot; สมาคมค้าน หวั่นกินแซ่บ ซื้ออาหารไม่ถูกโภชนาการ - Thaiger', 'สรุปข่าวคือมีประเด็นความขัดแย้งเรื่องการโอนเงินเบี้ยเลี้ยงให้นักกีฬาโดยตรง ซึ่งสมาคมกีฬาแสดงความกังวลว่านักกีฬาจะนำเงินไปเลือกซื้ออาหารตามใจปากที่มีรสจัดหรือขาดคุณค่าทางโภชนาการที่จำเป็นต่อการฝึกซ้อมและแข่งขันแทนการรับประทานอาหารที่จัดเตรียมไว้ให้ตามหลักโภชนาการที่เหมาะสม สำหรับเมนูสุขภาพที่แนะนำคือ ลาบไก่สับใส่ตับและข้าวคั่ว เน้นใช้เนื้ออกไก่ไม่ติดหนังเพื่อให้โปรตีนสูงสำหรับซ่อมแซมกล้ามเนื้อ ปรุงรสด้วยมะนาวและพริกป่นเพื่อให้ได้รสชาติแซ่บตามที่ต้องการแต่ต้องลดความเค็มและไม่ใส่ผงชูรส เสริมด้วยผักสดนานาชนิดเพื่อให้ได้วิตามินและใยอาหาร รับประทานคู่กับข้าวไรซ์เบอร์รี่ซึ่งเป็นคาร์โบไฮเดรตเชิงซ้อนที่ให้พลังงานคงที่และยาวนาน เมนูนี้จะช่วยให้นักกีฬาได้รับสารอาหารครบถ้วนในรสชาติที่คุ้นเคยและถูกปากครับ', 'https://images.unsplash.com/photo-1490818387583-1b5f2223d20d?w=600&q=80', '2026-02-27 06:10:51');

-- --------------------------------------------------------

--
-- Table structure for table `recipes`
--

CREATE TABLE `recipes` (
  `id` int(11) NOT NULL,
  `title` varchar(200) NOT NULL,
  `description` text DEFAULT NULL,
  `instructions` text NOT NULL,
  `servings` int(11) DEFAULT 1,
  `image` varchar(255) DEFAULT NULL,
  `created_by` int(11) DEFAULT NULL,
  `created_at` timestamp NOT NULL DEFAULT current_timestamp(),
  `calories` int(11) DEFAULT 0,
  `view_count` int(11) DEFAULT 0
) ENGINE=InnoDB DEFAULT CHARSET=utf8mb4 COLLATE=utf8mb4_general_ci;

--
-- Dumping data for table `recipes`
--

INSERT INTO `recipes` (`id`, `title`, `description`, `instructions`, `servings`, `image`, `created_by`, `created_at`, `calories`, `view_count`) VALUES
(1, 'Quinoa Power Salad', 'A healthy vegan salad', 'Mix all ingredients in a bowl...', 2, NULL, 1, '2026-01-07 06:12:24', 0, 0),
(2, 'Sweet Garlic Shrimp', 'Delicious shrimp with sweet sauce', 'Stir fry shrimp with sugar...', 1, NULL, 2, '2026-01-07 06:12:24', 0, 0),
(3, 'อกไก่ย่างสมุนไพรกับข้าวกล้อง', 'ให้โปรตีนคุณภาพดีและคาร์โบไฮเดรตเชิงซ้อน ช่วยรักษาระดับน้ำตาลในเลือดและเสริมสร้างกล้ามเนื้อ', '1. หมักอกไก่ด้วยกระเทียม พริกไทย และรากผักชี 2. นำไปย่างบนกระทะจนสุกทั่วทั้งสองด้าน 3. เสิร์ฟพร้อมข้าวกล้องร้อนๆ และผักลวกตามชอบ', 1, NULL, NULL, '2026-01-13 04:27:53', 0, 41),
(4, 'ปลานึ่งมะนาวสูตรโซเดียมต่ำ', 'ปลาเป็นโปรตีนที่ย่อยง่ายและไขมันต่ำ รสชาติเปรี้ยวเผ็ดช่วยกระตุ้นระบบเผาผลาญได้ดี', '1. ล้างทำความสะอาดเนื้อปลาขาว 2. นึ่งปลาพร้อมขิงและตะไคร้จนสุก 3. ทำน้ำราดโดยผสมน้ำมะนาว พริกขี้หนู กระเทียมสับ และน้ำปลาลดโซเดียม 4. ราดบนตัวปลาแล้วนึ่งต่ออีก 1-2 นาที', 1, NULL, NULL, '2026-01-13 04:27:53', 0, 2),
(5, 'สลัดทูน่าอะโวคาโด', 'อุดมไปด้วยไขมันดี (Omega-3) จากอะโวคาโดและโปรตีนจากทูน่า ช่วยบำรุงหัวใจและสมอง', 'นำทูน่าออกจากกระป๋องและบีบน้ำออกให้แห้ง\nหั่นอะโวคาโดเป็นชิ้นลูกเต๋า\nคลุกทูน่า อะโวคาโด และผักสลัดเข้าด้วยกัน ปรุงรสด้วยน้ำมะนาวและพริกไทยดำ', 1, NULL, NULL, '2026-01-13 04:33:26', 0, 1),
(6, 'ผัดบล็อกโคลี่กุ้งสด', 'บล็อกโคลี่เป็นแหล่งใยอาหารและวิตามินซีที่ดีเยี่ยม ส่วนกุ้งให้โปรตีนไขมันต่ำ เหมาะสำหรับมื้อเย็นที่เบาท้อง', 'ลวกบล็อกโคลี่ในน้ำเดือดประมาณ 1 นาทีแล้วตักพักไว้\nตั้งกระทะใส่น้ำมันมะกอกและกระเทียม ผัดจนหอม\nใส่กุ้งลงไปผัดพอสุก ตามด้วยบล็อกโคลี่และปรุงรสด้วยซอสหอยนางรม', 1, NULL, NULL, '2026-01-13 04:33:26', 0, 0),
(7, 'แกงจืดเต้าหู้หมูสับผักกาดขาว', 'เป็นเมนูที่ย่อยง่าย รสชาติกลมกล่อม และให้พลังงานต่ำ เหมาะสำหรับมื้อเย็นที่ต้องการความเบาสบายท้อง', 'ตั้งน้ำซุปให้เดือด จากนั้นปั้นหมูสับเป็นก้อนเล็กๆ ลงไปต้มจนสุก\nใส่แครอทและผักกาดขาวลงไปต้มจนผักเริ่มนิ่ม\nใส่เต้าหู้ไข่ลงไป ปรุงรสด้วยซีอิ๊วขาวและพริกไทยเบาๆ พร้อมจัดเสิร์ฟ', 1, NULL, NULL, '2026-01-13 04:43:53', 0, 0),
(8, 'ไข่ตุ๋นทรงเครื่อง', 'เป็นเมนูที่ย่อยง่าย ให้โปรตีนคุณภาพดีจากไข่ และสามารถเพิ่มสารอาหารได้หลากหลายจากเครื่องที่ใส่', 'ตีไข่ไก่ให้เข้ากัน ผสมน้ำซุปและกรองเพื่อให้เนื้อเนียน\nใส่หมูสับและแครอทลงไปในชามไข่\nนำไปนึ่งด้วยไฟอ่อนประมาณ 10-15 นาทีจนสุก โรยหน้าด้วยต้นหอม', 1, NULL, NULL, '2026-01-13 04:44:07', 0, 0),
(9, 'แซลมอนย่างซีอิ๊วและบล็อกโคลี่นึ่ง', 'ปลาแซลมอนมีโอเมก้า 3 ช่วยบำรุงสมองและลดการอักเสบในร่างกาย ทานคู่กับบล็อกโคลี่ที่อุดมด้วยวิตามินซีและสารต้านอนุมูลอิสระ', 'ทาน้ำมันมะกอกบางๆ บนกระทะ ย่างแซลมอนให้สุกตามระดับที่ต้องการ\nทาซอสเทริยากิลงบนชิ้นปลาขณะย่างเพื่อให้เข้าเนื้อ\nนึ่งบล็อกโคลี่ประมาณ 3-5 นาทีจนสุกกรอบ\nจัดใส่จาน โรยด้วยงาขาวคั่วก่อนเสิร์ฟ', 1, NULL, NULL, '2026-01-13 05:00:51', 420, 0),
(10, 'ต้มยำอกไก่น้ำใส', 'เมนูนี้ให้โปรตีนสูงและไขมันต่ำมาก เหมาะสำหรับการรักษารูปร่างและสุขภาพโดยรวม สมุนไพรไทยยังช่วยกระตุ้นระบบเผาผลาญ', 'ตั้งน้ำให้เดือด ใส่ข่า ตะไคร้ ใบมะกรูดลงไปต้มจนหอม\nใส่อกไก่ลงไปต้มจนสุก ตามด้วยเห็ดฟาง\nปิดไฟแล้วปรุงรสด้วยน้ำปลา พริก และน้ำมะนาวตามชอบ', 1, NULL, NULL, '2026-01-13 05:11:15', 210, 0),
(11, 'ผัดผักรวมมิตรน้ำมันหอยอกไก่', 'ช่วยเพิ่มใยอาหารจากผักหลากหลายชนิด และเป็นแหล่งพลังงานที่สมดุลสำหรับมื้อกลางวันหรือมื้อเย็น', 'ตั้งกระทะใส่น้ำมันมะกอก เจียวกระเทียมจนหอม\nใส่อกไก่ลงไปผัดจนเริ่มสุก\nใส่ผักทั้งหมดลงไป ผัดด้วยไฟแรงและปรุงรสด้วยซอสหอยนางรม', 1, NULL, NULL, '2026-01-13 05:11:15', 250, 0),
(12, 'พาสต้าโฮลวีทผัดพริกแห้งและทูน่า', 'ใช้คาร์โบไฮเดรตเชิงซ้อนจากเส้นโฮลวีทเพื่อให้พลังงานยาวนาน พร้อมไขมันดีและโปรตีนจากทูน่า', 'ผัดกระเทียมและพริกแห้งกับน้ำมันมะกอกจนหอม\nใส่ทูน่าลงไปผัดพอเข้ากัน\nใส่เส้นพาสต้าลงไปผัด ปรุงรสด้วยเกลือเล็กน้อย แล้วปิดท้ายด้วยใบโหระพา', 1, NULL, NULL, '2026-01-13 05:11:15', 380, 0),
(13, 'ผัดกะเพราอกไก่สับไข่ดาวน้ำ', 'เป็นเมนูยอดนิยมที่ให้โปรตีนสูงจากอกไก่และไข่ ใช้การทำไข่ดาวน้ำเพื่อลดปริมาณไขมันจากการทอด เหมาะสำหรับมื้อกลางวันที่ต้องการพลังงาน', '1. ตั้งกระทะสเปรย์น้ำมันเล็กน้อย ผัดพริกและกระเทียมให้หอม\n2. ใส่อกไก่สับลงไปผัดจนสุกทั่ว\n3. ปรุงรสด้วยซอสโซเดียมต่ำและน้ำตาลทรายแดงเล็กน้อย\n4. ใส่ใบกะเพราลงไปผัดเร็วๆ แล้วปิดไฟ\n5. ต้มน้ำในหม้อเล็กน้อยให้เดือด ตอกไข่ลงไปทำเป็นไข่ดาวน้ำจนสุกตามชอบ แล้วตักเสิร์ฟคู่กับกะเพรา', 1, NULL, NULL, '2026-01-13 05:11:59', 420, 0),
(14, 'สลัดเส้นโซบะเย็นซอสงาญี่ปุ่น', 'เส้นโซบะทำจากบัควีทมีใยอาหารสูงกว่าเส้นแป้งขัดขาวทั่วไป ให้ความสดชื่นและสารอาหารจากผักหลากสี', '1. นำเส้นโซบะที่ต้มสุกแล้วไปแช่ในน้ำเย็นเพื่อรักษาความเหนียวนุ่ม\n2. จัดวางเส้นโซบะลงในชาม ตามด้วยแตงกวา แครอท และถั่วแระญี่ปุ่น\n3. โรยงาขาวคั่วด้านบน\n4. ราดน้ำสลัดงาคั่วญี่ปุ่นก่อนรับประทาน หรือใช้จิ้มแบบแยกถ้วย', 1, NULL, NULL, '2026-01-13 05:11:59', 380, 1),
(15, 'ผัดผักรวมมิตรเต้าหู้ขาว', 'เน้นการรับประทานผักที่หลากหลายเพื่อให้ได้วิตามินและแร่ธาตุครบถ้วน เต้าหู้ขาวเป็นแหล่งโปรตีนจากพืชที่ดีและย่อยง่าย', '1. นำเต้าหู้ขาวไปจี่ในกระทะด้วยน้ำมันรำข้าวเล็กน้อยจนผิวเริ่มเหลืองกรอบ\n2. ใส่ผักที่สุกยากอย่างแครอทและบล็อกโคลี่ลงไปผัด (เติมน้ำเปล่าได้เล็กน้อย)\n3. ใส่ข้าวโพดอ่อนและปรุงรสด้วยซอสหอยนางรมโซเดียมต่ำ\n4. ผัดจนผักสุกกรอบกำลังดีแล้วตักใส่จานเสิร์ฟ', 1, NULL, NULL, '2026-01-13 05:11:59', 250, 0),
(16, 'ผัดกะเพราเนื้อสับไข่ดาวน้ำ', 'ให้โปรตีนสูงจากเนื้อวัวไม่ติดมันและรสชาติจัดจ้านแบบไทย โดยใช้การผัดน้ำแทนน้ำมันและใช้ไข่ดาวน้ำเพื่อลดปริมาณไขมันอิ่มตัว', 'ตั้งกระทะใส่น้ำเล็กน้อยแทนน้ำมัน ใส่พริกและกระเทียมลงไปผัดจนหอม\nใส่เนื้อวัวลงไปผัดจนสุก ปรุงรสด้วยซอสโซเดียมต่ำ\nใส่ใบกะเพราลงไปผัดเร็วๆ แล้วปิดไฟ\nทำไข่ดาวน้ำโดยต้มน้ำให้เดือดแล้วตอกไข่ลงไปรอจนสุกตามชอบ\nเสิร์ฟพร้อมข้าวสวยไม่ขัดสี', 1, NULL, NULL, '2026-01-13 05:26:22', 420, 0),
(17, 'สลัดเส้นโซบะเย็นซอสงาญี่ปุ่น', 'เส้นโซบะทำจากบัควีทเป็นคาร์โบไฮเดรตเชิงซ้อนที่ช่วยให้อิ่มนาน ผสมผสานกับผักหลากสีเพิ่มวิตามินและแร่ธาตุ', 'ล้างเส้นโซบะด้วยน้ำเย็นหลังจากต้มเสร็จเพื่อความเหนียวนุ่ม\nจัดวางเส้นโซบะลงในชาม ตามด้วยแตงกวา แครอท และถั่วแระ\nราดน้ำสลัดงาญี่ปุ่นให้ทั่ว\nโรยหน้าด้วยงาขาวคั่วพร้อมรับประทาน', 1, NULL, NULL, '2026-01-13 05:26:22', 380, 0),
(18, 'อกไก่นึ่งเห็ดหอมและขิง', 'เป็นการปรุงอาหารที่ปราศจากน้ำมัน ขิงช่วยในการขับลมและเห็ดหอมเพิ่มรสชาติกลมกล่อมโดยไม่ต้องปรุงแต่งมาก', 'นำอกไก่ไปล้างให้สะอาดแล้ววางลงในจานสำหรับนึ่ง\nวางเห็ดหอมและขิงซอยลงบนอกไก่ ราดด้วยซีอิ๊วขาว\nนึ่งในน้ำเดือดประมาณ 15-20 นาทีหรือจนกว่าไก่จะสุก\nโรยหน้าด้วยต้นหอมก่อนเสิร์ฟ', 1, NULL, NULL, '2026-01-13 05:26:22', 250, 0),
(19, 'ผัดผักรวมมิตรเต้าหู้', 'เป็นเมนูที่ให้ใยอาหารสูงจากผักหลากหลายชนิดและโปรตีนจากเต้าหู้ ช่วยในระบบขับถ่ายและให้พลังงานที่สมดุลสำหรับผู้ที่มีสุขภาพปกติ', 'ตั้งกระทะใส่น้ำมันรำข้าวเล็กน้อย นำเต้าหู้ลงไปผัดจนผิวตึงและมีสีเหลืองทอง\nใส่แครอทและเห็ดหอมลงไปผัดจนเริ่มสุก\nใส่ถั่วลันเตาตามลงไป ปรุงรสด้วยซอสโซเดียมต่ำ\nผัดให้เข้ากันด้วยไฟแรงอย่างรวดเร็วเพื่อรักษาความกรอบของผัก พร้อมเสิร์ฟ', 1, NULL, NULL, '2026-01-15 16:41:35', 250, 0),
(20, 'ลาบอกไก่', 'เป็นเมนูโปรตีนสูงแต่ไขมันต่ำ รสชาติจัดจ้านแบบไทย ช่วยกระตุ้นการเผาผลาญและไม่ทำให้อ้วน', 'นำอกไก่สับไปรวนในหม้อโดยใช้น้ำเปล่าเล็กน้อยจนสุกดี\nยกลงจากเตา ปรุงรสด้วยน้ำปลาโซเดียมต่ำ น้ำมะนาว และพริกป่นตามชอบ\nใส่ข้าวคั่วและหอมแดงซอยลงไปคลุกเคล้าให้เข้ากัน\nโรยหน้าด้วยใบสะระแหน่และต้นหอมผักชี', 1, NULL, NULL, '2026-01-15 16:41:35', 210, 0),
(21, 'ผัดฟักทองใส่ไข่', 'ฟักทองเป็นแหล่งคาร์โบไฮเดรตเชิงซ้อนที่ดีและมีวิตามินเอสูง ผสมผสานกับไข่ซึ่งเป็นโปรตีนคุณภาพดี', 'เจียวกระเทียมสับในกระทะจนมีกลิ่นหอม\nใส่ฟักทองลงไปผัด เติมน้ำเปล่าเล็กน้อยแล้วปิดฝาเพื่อให้ฟักทองนิ่ม\nเมื่อฟักทองสุกนิ่มตามต้องการ ให้ตอกไข่ใส่ลงไปแล้วยีให้ทั่ว\nปรุงรสด้วยซีอิ๊วขาว ใส่ใบโหระพาปิดท้ายเพื่อเพิ่มกลิ่นหอม', 1, NULL, NULL, '2026-01-15 16:41:35', 180, 0),
(22, 'ไก่ผัดเม็ดมะม่วงหิมพานต์สูตรสุขภาพ', 'ให้โปรตีนสูงจากเนื้อไก่และไขมันดีจากเม็ดมะม่วงหิมพานต์ ช่วยบำรุงหัวใจและทำให้อิ่มท้องนาน เหมาะสำหรับผู้ที่ทานอาหารปกติแต่ต้องการสารอาหารครบถ้วน', 'ตั้งกระทะใส่น้ำมันรำข้าวเล็กน้อย ผัดอกไก่จนเริ่มสุก\nใส่หอมหัวใหญ่และพริกหยวกสามสีลงไปผัดจนนิ่ม\nปรุงรสด้วยซอสหอยนางรมโซเดียมต่ำ\nใส่เม็ดมะม่วงหิมพานต์ลงไปคลุกเคล้าให้เข้ากัน พร้อมเสิร์ฟ', 1, NULL, NULL, '2026-01-15 17:08:47', 320, 0),
(23, 'สลัดเส้นโซบะเย็นและอกไก่ฉีก', 'เส้นโซบะทำจากบัควีทมีดัชนีน้ำตาลต่ำและใยอาหารสูง ช่วยควบคุมระดับน้ำตาลในเลือดและให้พลังงานที่คงที่', 'จัดเส้นโซบะลงในชาม\nวางอกไก่ฉีก แตงกวา และแครอทด้านบน\nราดด้วยน้ำสลัดงาญี่ปุ่น\nคลุกเคล้าให้เข้ากันก่อนรับประทาน', 1, NULL, NULL, '2026-01-15 17:08:47', 280, 0),
(24, 'ลาบหมูสันในไม่ใส่หนัง', 'เป็นเมนูรสชาติจัดจ้านที่ให้โปรตีนเน้นๆ จากเนื้อหมูส่วนสันในซึ่งมีไขมันน้อยมาก พร้อมสมุนไพรไทยที่ช่วยระบบย่อยอาหาร', 'รวนหมูสับในหม้อด้วยน้ำเปล่าเล็กน้อยจนสุก\nปิดไฟ ปรุงรสด้วยน้ำปลา น้ำมะนาว และพริกป่น\nใส่ข้าวคั่ว หอมแดง และผักชีฝรั่งลงไปคลุกเคล้า\nโรยหน้าด้วยใบสะระแหน่ เสิร์ฟพร้อมผักสด', 1, NULL, NULL, '2026-01-15 17:08:47', 250, 0),
(25, 'ผัดกะเพราเนื้อสับใส่ถั่วฝักยาวและแครอท', 'ให้โปรตีนสูงจากเนื้อวัวและวิตามินจากผักหลากหลายชนิด ช่วยสร้างกล้ามเนื้อและให้พลังงานที่เหมาะสมสำหรับอาหารมื้อหลัก', 'ตั้งกระทะใส่น้ำมันเล็กน้อย ผัดพริกและกระเทียมจนหอม\nใส่เนื้อวัวสับลงไปผัดจนสุกประมาณ 80%\nใส่ถั่วฝักยาวและแครอทลงไปผัดจนผักเริ่มนิ่ม\nปรุงรสด้วยน้ำมันหอยและซีอิ๊วขาวสูตรโซเดียมต่ำ\nใส่ใบกะเพรา ผัดเร็วๆ ด้วยไฟแรงแล้วปิดไฟทันที', 1, NULL, NULL, '2026-01-15 17:20:43', 420, 0),
(26, 'เส้นโซบะเย็นซอสถั่วใส่เต้าหู้ย่าง', 'เป็นเมนูที่มีดัชนีน้ำตาลต่ำ (Low GI) ช่วยให้อิ่มนานและได้ไขมันดีจากถั่ว เหมาะสำหรับการควบคุมระดับน้ำตาลในเลือด', 'ต้มเส้นโซบะให้สุกตามเวลาที่ระบุข้างซอง แล้วนำไปล้างน้ำเย็นจัดเพื่อหยุดความร้อน\nนำเต้าหู้ไปย่างบนกระทะเทฟลอนจนผิวเกรียมสวยทั้งสองด้าน\nผสมเนยถั่ว ซีอิ๊วญี่ปุ่น และน้ำอุ่นเล็กน้อย คนให้เข้ากันเป็นเนื้อเนียนเพื่อทำซอส\nจัดเส้นโซบะใส่ชาม วางเต้าหู้ย่างและแตงกวาซอย\nราดซอสถั่วและโรยด้วยงาขาวพร้อมรับประทาน', 1, NULL, NULL, '2026-01-15 17:20:43', 380, 3),
(27, 'ผัดเห็ดรวมมิตรกุ้งสด', 'แคลอรี่ต่ำแต่มีกากใยสูงจากเห็ดหลากหลายชนิด ช่วยในระบบขับถ่ายและเสริมสร้างภูมิคุ้มกันให้ร่างกาย', 'ตั้งกระทะใส่น้ำมันมะกอก ผัดกระเทียมจนเริ่มเป็นสีเหลืองทอง\nใส่กุ้งลงไปผัดพอให้กุ้งเริ่มเปลี่ยนสีเป็นสีส้ม\nใส่เห็ดทุกชนิดลงไปผัดด้วยไฟแรงเพื่อให้เห็ดสุกเร็วและไม่ออกน้ำมากเกินไป\nปรุงรสด้วยซีอิ๊วขาวและพริกไทยดำตามชอบ\nใส่ต้นหอม ผัดให้เข้ากันแล้วปิดไฟ', 1, NULL, NULL, '2026-01-15 17:20:43', 250, 0),
(28, 'ลาบอกไก่ไขมันต่ำ', 'เป็นเมนูโปรตีนสูงที่ช่วยเสริมสร้างกล้ามเนื้อและมีรสชาติจัดจ้านช่วยกระตุ้นการเผาผลาญโดยไม่ต้องใช้ไขมันในการปรุง', 'นำอกไก่สับไปรวนในหม้อด้วยน้ำเปล่าเล็กน้อยจนสุก\nปิดไฟแล้วปรุงรสด้วยน้ำปลา มะนาว และพริกป่น\nใส่ข้าวคั่ว หอมแดง และผักชีฝรั่งลงไป\nคลุกเล้าให้เข้ากัน ชิมรสตามชอบแล้วจัดเสิร์ฟพร้อมผักสด', 1, NULL, NULL, '2026-01-15 17:21:29', 250, 0),
(29, 'ข้าวผัดธัญพืชเจ็ดสี', 'ให้คาร์โบไฮเดรตเชิงซ้อนและใยอาหารสูง ช่วยให้ระดับน้ำตาลในเลือดคงที่และอิ่มนานขึ้น', 'ตั้งกระทะใส่น้ำมันรำข้าวเล็กน้อย ผัดไข่ให้พอสุก\nใส่แครอท ถั่วลันเตา และข้าวโพดลงไปผัดจนนิ่ม\nใส่ข้าวกล้องและเม็ดมะม่วงหิมพานต์ลงไปผัดให้เข้ากัน\nปรุงรสด้วยซีอิ๊วขาว ผัดไฟแรงครู่หนึ่งแล้วตักใส่จาน', 1, NULL, NULL, '2026-01-15 17:21:29', 380, 0),
(30, 'แกงส้มผักรวมกุ้งสด', 'เมนูแกงไทยที่ไม่มีส่วนผสมของกะทิ ทำให้แคลอรี่ต่ำมากและได้สารอาหารจากผักหลากหลายชนิด', 'ต้มน้ำให้เดือดแล้วละลายพริกแกงส้มลงไป\nใส่ผักที่สุกยากลงไปก่อน เช่น ถั่วฝักยาว ตามด้วยผักกาดขาวและดอกแค\nเมื่อผักเริ่มนิ่ม ให้ใส่กุ้งสดลงไปต้มจนสุกพอดี\nปรุงรสด้วยน้ำมะขามเปียกและน้ำปลา ให้ได้รสเปรี้ยวเค็มนำ', 1, NULL, NULL, '2026-01-15 17:21:29', 210, 0),
(31, 'ลาบไก่สับสมุนไพร', 'เป็นเมนูที่ให้โปรตีนสูงจากอกไก่และไขมันต่ำ พร้อมสมุนไพรไทยที่ช่วยกระตุ้นระบบเผาผลาญ', 'รวนอกไก่สับในกระทะด้วยน้ำเปล่าเล็กน้อยจนสุกดี\nปิดไฟแล้วปรุงรสด้วยน้ำปลา น้ำมะนาว และพริกป่น\nใส่ข้าวคั่ว หอมแดง และผักซอยต่างๆ ลงไป\nคลุกเคล้าให้เข้ากัน เสิร์ฟพร้อมผักสดตามชอบ', 1, NULL, NULL, '2026-01-15 17:27:14', 250, 0),
(32, 'ก๋วยเตี๋ยวลุยสวนอกไก่', 'เน้นผักสดหลากหลายชนิดเพื่อให้ได้กากใยอาหารสูงและวิตามิน เหมาะสำหรับมื้อกลางวันเบาๆ', 'เตรียมแผ่นแป้งให้นุ่มตามวิธีข้างห่อ\nวางผักกาดหอม แครอท แตงกวา และอกไก่ลงบนแผ่นแป้ง\nม้วนแผ่นแป้งให้แน่นแล้วหั่นเป็นชิ้นพอดีคำ\nจัดใส่จานรับประทานคู่กับน้ำจิ้มซีฟู้ด', 1, NULL, NULL, '2026-01-15 17:27:14', 280, 7),
(33, 'ผัดกะเพราอกไก่ใส่หน่อไม้ฝรั่ง', 'ดัดแปลงเมนูยอดฮิตให้สุขภาพดีขึ้นโดยเพิ่มหน่อไม้ฝรั่งซึ่งมีสารต้านอนุมูลอิสระสูง', 'ตั้งกระทะใส่น้ำมันมะกอก ผัดพริกและกระเทียมจนหอม\nใส่อกไก่ลงไปผัดจนเริ่มสุก\nใส่หน่อไม้ฝรั่งและปรุงรสด้วยซอสหอยนางรม\nใส่ใบกะเพรา ผัดเร็วๆ ให้เข้ากันแล้วปิดไฟทันที', 1, NULL, NULL, '2026-01-15 17:27:14', 310, 0),
(34, 'ลาบอกไก่สูตรคลีน', 'ให้โปรตีนสูงและไขมันต่ำมาก รสชาติจัดจ้านช่วยกระตุ้นการเผาผลาญ เหมาะสำหรับมื้อกลางวันที่ต้องการความสดชื่น', 'นำอกไก่สับไปรวนในกระทะด้วยน้ำเปล่าเล็กน้อยจนสุก\nปิดไฟแล้วปรุงรสด้วยน้ำปลา มะนาว และพริกป่น\nใส่ข้าวคั่ว หอมแดง และผักชีฝรั่งลงไปคลุกเคล้าให้เข้ากัน\nจัดเสิร์ฟพร้อมผักเคียงตามชอบ', 1, NULL, NULL, '2026-01-15 17:27:26', 220, 0),
(35, 'สเต็กปลาแซลมอนย่างเกลือพริกไทยและหน่อไม้ฝรั่ง', 'อุดมไปด้วยไขมันดี (Omega-3) จากปลาแซลมอน และได้ใยอาหารจากหน่อไม้ฝรั่ง ช่วยบำรุงหัวใจและระบบขับถ่าย', 'โรยเกลือและพริกไทยบนเนื้อปลาแซลมอนทั้งสองด้าน\nตั้งกระทะใส่น้ำมันมะกอกเล็กน้อย ย่างปลาแซลมอนโดยเริ่มจากด้านหนังจนกรอบแล้วกลับด้านจนสุก\nใส่หน่อไม้ฝรั่งลงไปผัดในกระทะเดียวกันจนสุกกรอบ\nจัดใส่จาน บีบเลมอนก่อนรับประทาน', 1, NULL, NULL, '2026-01-15 17:27:26', 450, 0),
(36, 'ก๋วยเตี๋ยวลุยสวนไก่สับ', 'เป็นเมนูเน้นผักสดที่ให้วิตามินและแร่ธาตุสูง คาร์โบไฮเดรตต่ำ เหมาะสำหรับมื้อเย็นที่ต้องการความเบาท้อง', 'เตรียมแผ่นแป้งโดยแช่น้ำให้นิ่ม (ถ้าเป็นใบเมี่ยง)\nวางผักกาดหอม ใบโหระพา แครอท และอกไก่สับลงบนแผ่นแป้ง\nม้วนแป้งให้แน่นแล้วหั่นเป็นชิ้นพอดีคำ\nรับประทานคู่กับน้ำจิ้มซีฟู้ดรสเผ็ดเปรี้ยว', 1, NULL, NULL, '2026-01-15 17:27:26', 280, 1),
(37, 'ลาบไก่สมุนไพร', 'เป็นเมนูที่ให้โปรตีนสูงและไขมันต่ำ สมุนไพรไทยช่วยกระตุ้นระบบเผาผลาญและระบบย่อยอาหารให้ทำงานได้ดียิ่งขึ้น', 'รวนอกไก่สับในหม้อด้วยน้ำเปล่าเล็กน้อยจนสุก\nยกลงจากเตา ปรุงรสด้วยน้ำปลา น้ำมะนาว และพริกป่น คนให้เข้ากัน\nใส่ข้าวคั่ว หอมแดง ผักชีฝรั่ง และใบสะระแหน่\nคลุกเคล้าให้เข้ากันอีกครั้ง จัดเสิร์ฟพร้อมผักสด', 1, NULL, NULL, '2026-01-15 17:28:42', 250, 0),
(38, 'ผัดผักรวมมิตรเต้าหู้ไข่', 'ช่วยเพิ่มใยอาหารจากผักหลากหลายชนิด และได้รับโปรตีนที่ย่อยง่ายจากเต้าหู้ไข่ เหมาะสำหรับมื้อกลางวันหรือมื้อเย็นที่เบาสบายท้อง', 'นำเต้าหู้ไข่ไปจี่ในกระทะเทฟลอนให้ผิวตึงเล็กน้อยแล้วพักไว้\nตั้งกระทะใส่น้ำมันและกระเทียม ผัดจนหอม\nใส่ผักทั้งหมดลงไปผัด เติมน้ำเปล่าเล็กน้อยเพื่อให้ผักสุกนิ่ม\nปรุงรสด้วยซอสหอยนางรม ใส่เต้าหู้ไข่กลับลงไป คลุกเคล้าเบาๆ พร้อมเสิร์ฟ', 1, NULL, NULL, '2026-01-15 17:28:42', 180, 1),
(39, 'ข้าวผัดธัญพืชอกไก่', 'ข้าวกล้องและธัญพืชเป็นคาร์โบไฮเดรตเชิงซ้อนที่ให้พลังงานคงที่ ทำให้อิ่มนานและได้รับวิตามินบีสูง', 'ตั้งกระทะ ใส่ไข่ลงไปคั่วจนเริ่มสุก\nใส่อกไก่ลงไปผัดจนสุกตามด้วยผักสามสี\nใส่ข้าวกล้องลงไปผัดให้เข้ากัน\nปรุงรสด้วยซีอิ๊วขาว ผัดจนเข้าเนื้อและมีกลิ่นหอม จัดเสิร์ฟ', 1, NULL, NULL, '2026-01-15 17:28:42', 380, 0),
(40, 'ข้าวผัดธัญพืชอกไก่', 'เป็นเมนูที่ให้พลังงานอย่างต่อเนื่องจากคาร์โบไฮเดรตเชิงซ้อนและมีโปรตีนสูง ช่วยให้อิ่มนานและเสริมสร้างกล้ามเนื้อ', 'ตั้งกระทะให้ร้อน ใส่สเปรย์น้ำมันเล็กน้อยแล้วนำอกไก่ลงไปผัดจนสุก\nใส่ผักสามสีลงไปผัดจนนิ่ม จากนั้นตอกไข่ลงไปขยี้ให้สุก\nใส่ข้าวกล้องลงไปผัดให้เข้ากัน ปรุงรสด้วยซอสโซเดียมต่ำ\nคลุกเคล้าให้เข้ากันจนแห้งดี จัดใส่จานพร้อมเสิร์ฟ', 1, NULL, NULL, '2026-01-15 17:28:52', 420, 0),
(41, 'สเต็กปลากะพงย่างซอสเลมอน', 'ปลากะพงเป็นแหล่งโปรตีนที่ย่อยง่ายและมีไขมันต่ำ เหมาะสำหรับการรักษาสุขภาพหัวใจและควบคุมน้ำหนัก', 'โรยเกลือและพริกไทยบนเนื้อปลาทั้งสองด้าน\nย่างปลาบนกระทะเทฟลอนจนสุกเหลืองทั้งสองด้าน\nในกระทะใบเดิม ใส่กระเทียมสับ น้ำเลมอน และผิวเลมอนลงไปเคี่ยวเล็กน้อย\nราดซอสลงบนตัวปลา เสิร์ฟพร้อมผักย่าง', 1, NULL, NULL, '2026-01-15 17:28:52', 320, 0),
(42, 'แกงส้มผักรวมกุ้งสด', 'เมนูไทยแคลอรี่ต่ำที่อุดมไปด้วยวิตามินและใยอาหารจากผักหลากหลายชนิด ช่วยในระบบขับถ่าย', 'ต้มน้ำให้เดือดแล้วใส่พริกแกงส้มลงไปละลาย\nใส่ผักที่สุกยากลงไปก่อน เช่น ถั่วฝักยาว ตามด้วยผักกาดขาวและดอกแค\nเมื่อผักเริ่มนิ่ม ใส่กุ้งสดลงไปต้มจนสุก\nปรุงรสด้วยน้ำมะขามเปียกและน้ำปลา ชิมรสตามชอบแล้วปิดไฟ', 1, NULL, NULL, '2026-01-15 17:28:52', 250, 2),
(43, 'เนื้อวัวผัดพริกหวานสามสี', 'เป็นเมนูที่ให้โปรตีนคุณภาพดีและอุดมไปด้วยวิตามินซีจากพริกหวาน ช่วยเสริมสร้างกล้ามเนื้อและระบบภูมิคุ้มกัน', 'ตั้งกระทะใส่น้ำมันมะกอกพอเริ่มร้อน ใส่เนื้อวัวลงไปผัดจนเกือบสุก\nใส่พริกหวานสามสีและหอมหัวใหญ่ลงไปผัดให้เข้ากัน\nปรุงรสด้วยซอสหอยนางรมโซเดียมต่ำและพริกไทยดำ\nผัดด้วยไฟแรงอย่างรวดเร็วเพื่อให้พริกยังคงความกรอบ แล้วจัดเสิร์ฟ', 1, NULL, NULL, '2026-01-15 17:29:17', 320, 1),
(44, 'ผัดไทยวุ้นเส้นอกไก่สูตรลดโซเดียม', 'ปรับเปลี่ยนจากเส้นจันท์เป็นวุ้นเส้นเพื่อลดปริมาณแคลอรี่ และใช้อกไก่เพื่อให้ได้โปรตีนไขมันต่ำ', 'ผัดอกไก่และเต้าหู้ในกระทะจนสุก\nใส่วุ้นเส้นลงไป ตามด้วยน้ำมะขามเปียกและน้ำตาลมะพร้าว ผัดจนเส้นนิ่มและเข้าเนื้อ\nใส่ถั่วงอกและใบกุยช่ายลงไปผัดพอสลด\nโรยถั่วลิสงคั่วบดก่อนเสิร์ฟพร้อมมะนาวสด', 1, NULL, NULL, '2026-01-15 17:29:17', 380, 0),
(45, 'ข้าวกล้องผัดธัญพืชรวมและอกไก่', 'ข้าวกล้องและธัญพืชให้ใยอาหารสูง ช่วยให้ระบบขับถ่ายทำงานได้ดีและอิ่มท้องนานขึ้น', 'ตั้งกระทะร้อนปานกลาง ใส่อกไก่ลงไปผัดจนสุก\nตอกไข่ใส่ลงไป ยีให้ทั่วจนไข่เริ่มเซ็ตตัว\nใส่ข้าวกล้องและธัญพืชรวมลงไปผัดให้เข้ากัน\nปรุงรสด้วยซีอิ๊วขาวโซเดียมต่ำ ผัดจนเข้ากันดีแล้วโรยต้นหอมซอย', 1, NULL, NULL, '2026-01-15 17:29:17', 420, 3),
(46, 'ลาบไก่ใส่ตับ', 'เป็นเมนูโปรตีนสูงและมีธาตุเหล็กจากตับไก่ ช่วยเสริมสร้างกล้ามเนื้อและบำรุงเลือด เหมาะสำหรับผู้ที่ทานอาหารปกติและต้องการสารอาหารครบถ้วน', 'รวนอกไก่สับในหม้อด้วยน้ำเล็กน้อยจนสุก\nใส่ตับไก่ที่ต้มสุกแล้วลงไปคลุกเคล้า\nปิดไฟแล้วปรุงรสด้วยน้ำปลา น้ำมะนาว พริกป่น และข้าวคั่ว\nใส่หอมแดง ต้นหอม และผักชีฝรั่ง คลุกให้เข้ากันพร้อมเสิร์ฟ', 1, NULL, NULL, '2026-01-16 06:19:44', 280, 0),
(47, 'ผัดไทยวุ้นเส้นกุ้งสด', 'ใช้วุ้นเส้นแทนเส้นจันท์เพื่อลดปริมาณคาร์โบไฮเดรตและให้พลังงานที่พอเหมาะ พร้อมได้รับโปรตีนจากกุ้งและไข่', 'ตั้งกระทะผัดกุ้งและเต้าหู้จนสุก\nใส่ไข่ไก่ลงไปยีให้สุกพอประมาณ\nใส่วุ้นเส้นและน้ำปรุงรส (มะขามเปียก น้ำตาล น้ำปลา) ผัดให้เส้นนุ่ม\nใส่ถั่วงอกและใบกุยช่าย ผัดเร็วๆ ให้เข้ากันแล้วจัดใส่จาน', 1, NULL, NULL, '2026-01-16 06:19:44', 320, 0),
(48, 'แกงส้มชะอมไข่ใส่กุ้ง', 'เมนูแกงไทยที่ไม่มีกะทิ ให้ไขมันต่ำและมีวิตามินจากผักหลากหลายชนิด ช่วยในการขับถ่าย', 'ตีไข่ใส่ชะอมแล้วนำไปทอดให้สุก หั่นเป็นชิ้นสี่เหลี่ยมเตรียมไว้\nต้มน้ำให้เดือด ใส่พริกแกงส้มลงไปละลาย\nใส่ผักกาดขาวและกุ้งสดลงไปต้มจนสุก\nปรุงรสด้วยน้ำมะขามเปียกและน้ำปลา ใส่ไข่ชะอมที่หั่นไว้ลงไปก่อนปิดไฟ', 1, NULL, NULL, '2026-01-16 06:19:44', 250, 0),
(49, 'ผัดผักรวมมิตรเต้าหู้ขาว', 'เป็นเมนูที่ให้ใยอาหารสูงจากผักหลากหลายชนิด และได้โปรตีนจากเต้าหู้ซึ่งย่อยง่าย ช่วยรักษาสมดุลระบบขับถ่าย', 'หั่นเต้าหู้เป็นลูกเต๋าแล้วนำไปจี่ในกระทะให้ผิวตึง\nใส่ผักที่สุกยากอย่างแครอทและบล็อกโคลี่ลงไปผัด\nเติมเห็ดหอมและปรุงรสด้วยซอสโซเดียมต่ำ\nผัดจนผักสุกกรอบแล้วจัดเสิร์ฟ', 1, NULL, NULL, '2026-01-16 07:38:10', 280, 1),
(50, 'ยำวุ้นเส้นหมูสับและอกไก่', 'เมนูรสชาติจัดจ้านที่แคลอรี่ต่ำ ให้โปรตีนสูงจากทั้งหมูสับไม่ติดมันและอกไก่ เหมาะสำหรับมื้อกลางวันที่ต้องการความสดชื่น', 'ลวกวุ้นเส้น หมูสับ และอกไก่ให้สุกแล้วพักไว้\nปรุงน้ำยำด้วยมะนาว พริก และน้ำปลาโซเดียมต่ำ\nนำส่วนผสมที่ลวกไว้มาคลุกเคล้ากับน้ำยำ\nใส่หอมแดง มะเขือเทศ และขึ้นฉ่าย คลุกให้เข้ากันพร้อมทาน', 1, NULL, NULL, '2026-01-16 07:38:10', 320, 3),
(51, 'สเต็กปลาปลากะพงย่างเกลือพริกไทย', 'ปลากะพงเป็นแหล่งโอเมก้า 3 และโปรตีนคุณภาพดี การย่างช่วยลดปริมาณไขมันส่วนเกินจากการทอด', 'ล้างเนื้อปลาให้สะอาด ซับให้แห้งสนิท\nโรยเกลือและพริกไทยดำให้ทั่วชิ้นปลา\nย่างบนกระทะเทฟลอนโดยใช้ไฟกลางจนสุกเหลืองทั้งสองด้าน\nเสิร์ฟพร้อมหน่อไม้ฝรั่งและแครอทนึ่ง', 1, NULL, NULL, '2026-01-16 07:38:10', 250, 2),
(52, 'ลาบอกไก่สมุนไพร', 'เป็นเมนูที่ให้โปรตีนสูงและไขมันต่ำมาก เหมาะสำหรับการเสริมสร้างกล้ามเนื้อและควบคุมน้ำหนัก โดยใช้สมุนไพรสดช่วยระบบย่อยอาหาร', 'รวนอกไก่สับในหม้อด้วยน้ำเล็กน้อยจนสุกดี\nปิดไฟแล้วปรุงรสด้วยน้ำปลาโซเดียมต่ำ น้ำมะนาว และพริกป่น\nใส่ข้าวคั่ว หอมแดงซอย และผักชีฝรั่งลงไปคลุกเคล้าให้เข้ากัน\nจัดใส่จานโรยหน้าด้วยใบสะระแหน่ เสิร์ฟพร้อมผักสด', 1, NULL, NULL, '2026-01-16 07:42:34', 250, 0),
(53, 'ผัดเต้าหู้ใส่เม็ดมะม่วงหิมพานต์', 'ให้โปรตีนจากพืชและไขมันชนิดดีจากเม็ดมะม่วงหิมพานต์ ช่วยบำรุงสุขภาพหัวใจและหลอดเลือด', 'จี่เต้าหู้บนกระทะเทฟลอนด้วยน้ำมันเล็กน้อยจนผิวตึงและเหลืองนวล\nใส่หอมหัวใหญ่และพริกหวานลงไปผัดจนเริ่มสุก\nใส่เม็ดมะม่วงหิมพานต์และพริกแห้งลงไปคลุกเคล้า\nปรุงรสด้วยซอสหอยนางรมโซเดียมต่ำ ผัดเร็วๆ ให้เข้ากันแล้วตักเสิร์ฟ', 1, NULL, NULL, '2026-01-16 07:42:34', 320, 0),
(54, 'ผัดฟักทองใส่ไข่และใบโหระพา', 'ฟักทองอุดมไปด้วยเบต้าแคโรทีนและวิตามินเอ ช่วยบำรุงสายตา เป็นเมนูที่ย่อยง่ายและให้พลังงานพอเหมาะ', 'ตั้งกระทะใส่กระเทียมสับลงไปผัดให้หอม\nใส่ฟักทองลงไปผัด เติมน้ำเล็กน้อยแล้วปิดฝาเพื่อให้ฟักทองสุกนิ่ม\nเมื่อฟักทองสุกแล้ว ให้ตอกไข่ใส่ลงไป รอจนไข่เริ่มเซ็ตตัวแล้วจึงผัดคลุกเคล้า\nปรุงรสด้วยซีอิ๊วขาว ใส่ใบโหระพาลงไปผัดพอสลดแล้วปิดไฟ', 1, NULL, NULL, '2026-01-16 07:42:34', 280, 0),
(55, 'ผัดกะเพราเนื้อสับไข่ดาวน้ำ', 'เป็นเมนูที่ให้โปรตีนสูงและพลังงานที่จำเป็นสำหรับมื้อหลัก โดยใช้เทคนิคไข่ดาวน้ำเพื่อลดปริมาณไขมันจากการใช้น้ำมันทอด', '1. ตั้งกระทะให้ร้อน ใส่พริกและกระเทียมลงไปผัดจนหอม (ใช้น้ำเปล่าแทนน้ำมันได้)\n2. ใส่เนื้อวัวสับลงไปผัดจนสุกทั่ว\n3. ปรุงรสด้วยน้ำมันหอยและซีอิ๊วขาวโซเดียมต่ำ\n4. ใส่ใบกะเพราลงไปคลุกเคล้าให้เข้ากันแล้วปิดไฟ\n5. เตรียมไข่ดาวน้ำโดยต้มน้ำให้เดือดอ่อนๆ ตอกไข่ใส่ถ้วยแล้วค่อยๆ เทลงในน้ำจนสุกตามชอบ', 1, NULL, NULL, '2026-01-16 07:43:46', 420, 0),
(56, 'แกงส้มผักรวมกุ้งสด', 'เมนูนี้มีแคลอรี่ต่ำและมีใยอาหารสูงจากผักหลากหลายชนิด ช่วยในเรื่องระบบขับถ่ายและให้รสชาติที่สดชื่น', '1. ต้มน้ำให้เดือด ใส่พริกแกงส้มลงไปละลาย\n2. เมื่อน้ำแกงเดือด ใส่ผักรวมที่เตรียมไว้ลงไปต้มจนเริ่มนิ่ม\n3. ใส่กุ้งสดลงไปต้มจนสุก (ระวังอย่าต้มนานเกินไปจะทำให้กุ้งแข็ง)\n4. ปรุงรสด้วยน้ำมะขามเปียกและน้ำปลาโซเดียมต่ำ ชิมรสตามชอบ', 1, NULL, NULL, '2026-01-16 07:43:46', 250, 0),
(57, 'ลาบไก่ใส่เห็ดฟาง', 'เป็นการผสมผสานโปรตีนจากอกไก่และเห็ดฟาง ให้ความรู้สึกอิ่มนานและมีไขมันต่ำมาก เหมาะสำหรับการควบคุมน้ำหนัก', '1. นำอกไก่สับและเห็ดฟางลงไปรวนในหม้อด้วยน้ำเปล่าเล็กน้อยจนสุก\n2. ยกลงจากเตา ปรุงรสด้วยน้ำมะนาว น้ำปลาโซเดียมต่ำ และพริกป่น\n3. ใส่ข้าวคั่ว หอมแดง ต้นหอม และผักชีฝรั่งลงไปคลุกเคล้า\n4. จัดเสิร์ฟพร้อมผักเคียงสดๆ เช่น แตงกวา หรือถั่วฝักยาว', 1, NULL, NULL, '2026-01-16 07:43:46', 310, 0),
(58, 'ผัดผักรวมมิตรเต้าหู้ไข่', 'เป็นเมนูที่ทำง่าย ให้วิตามินและแร่ธาตุจากผักหลากหลายชนิด และได้โปรตีนจากเต้าหู้ไข่ซึ่งย่อยง่าย เหมาะสำหรับมื้อกลางวันหรือมื้อเย็นที่ต้องการความเบาสบายท้อง', 'หั่นเต้าหู้ไข่เป็นชิ้นพอดีคำแล้วนำไปจี่ในกระทะให้ผิวตึงเล็กน้อย พักไว้\nตั้งกระทะใส่น้ำมันมะกอกและกระเทียมสับ ผัดให้หอม\nใส่แครอท บล็อกโคลี่ และข้าวโพดอ่อนลงไปผัด เติมน้ำเล็กน้อยเพื่อให้ผักสุก\nปรุงรสด้วยซอสหอยนางรมสูตรโซเดียมต่ำ\nใส่เต้าหู้ไข่ที่พักไว้ลงไป คลุกเคล้าเบาๆ พร้อมเสิร์ฟ', 1, NULL, NULL, '2026-01-16 07:44:30', 280, 0),
(59, 'ลาบไก่ใส่เห็ดสามอย่าง', 'เมนูรสชาติจัดจ้านสไตล์ไทยที่มีไขมันต่ำมาก ได้โปรตีนเน้นๆ จากอกไก่ และเบต้ากลูแคนจากเห็ดที่ช่วยเสริมสร้างภูมิคุ้มกัน', 'รวนอกไก่สับและเห็ดในหม้อด้วยน้ำเปล่าเล็กน้อยจนสุก\nปิดไฟ แล้วปรุงรสด้วยน้ำปลา น้ำมะนาว และพริกป่น คลุกเคล้าให้เข้ากัน\nใส่ข้าวคั่ว หอมแดงซอย ต้นหอม และผักชี\nคลุกเคล้าให้ทั่วอีกครั้ง ชิมรสตามชอบและจัดใส่จาน', 1, NULL, NULL, '2026-01-16 07:44:30', 220, 0),
(60, 'สปาเกตตีโฮลวีตผัดพริกแห้งและอกไก่', 'ใช้เส้นโฮลวีตซึ่งเป็นคาร์โบไฮเดรตเชิงซ้อน ให้พลังงานที่ยาวนานและมีใยอาหารสูง ผัดกับพริกแห้งช่วยกระตุ้นการเผาผลาญ', 'ตั้งกระทะใส่น้ำมันมะกอก กระเทียม และพริกแห้ง ผัดจนมีกลิ่นหอม\nใส่อกไก่ลงไปผัดจนสุก\nใส่เส้นสปาเกตตีโฮลวีตที่ต้มสุกแล้วลงไป\nปรุงรสด้วยเกลือและพริกไทยดำ ผัดให้เข้ากัน\nใส่ใบโหระพาลงไปผัดเร็วๆ แล้วปิดไฟพร้อมจัดเสิร์ฟ', 1, NULL, NULL, '2026-01-16 07:44:30', 420, 0),
(61, 'ผัดไทยวุ้นเส้นอกไก่', 'เป็นเมนูที่ให้พลังงานพอเหมาะและเปลี่ยนจากเส้นจันท์เป็นวุ้นเส้นเพื่อลดปริมาณคาร์โบไฮเดรต พร้อมโปรตีนสูงจากอกไก่', 'แช่วุ้นเส้นให้นิ่มแล้วพักไว้\nตั้งกระทะใส่น้ำมันเล็กน้อย ผัดอกไก่และเต้าหู้จนสุก\nใส่ไข่ไก่ลงไปผัดพอสุก ตามด้วยวุ้นเส้นและน้ำซอส\nใส่ถั่วงอกและใบกุยช่าย ผัดให้เข้ากันจนผักสลดแล้วจัดเสิร์ฟ', 1, NULL, NULL, '2026-01-16 07:45:44', 380, 0),
(62, 'ผัดผักรวมมิตรหมูสันใน', 'เน้นใยอาหารจากผักหลากหลายชนิด ช่วยในระบบขับถ่าย และใช้หมูส่วนสันในซึ่งมีไขมันต่ำ', 'ตั้งกระทะใส่กระเทียมสับลงไปผัดจนหอม\nใส่หมูสันในลงไปผัดจนเริ่มสุก\nใส่ผักทั้งหมดลงไป ตามด้วยซอสหอยนางรมและน้ำเปล่าเล็กน้อย\nผัดด้วยไฟแรงอย่างรวดเร็วเพื่อให้ผักยังคงความกรอบและสีสวย', 1, NULL, NULL, '2026-01-16 07:45:44', 250, 0),
(63, 'ยำวุ้นเส้นทะเลรวมมิตร', 'เมนูรสชาติจัดจ้านที่ไม่มีไขมันส่วนเกิน ให้โปรตีนจากอาหารทะเลหลากหลายชนิด', 'ลวกกุ้งและปลาหมึกในน้ำเดือดจนสุกแล้วพักไว้\nทำน้ำยำโดยผสมน้ำมะนาว น้ำปลา และพริกขี้หนูให้เข้ากัน\nใส่วุ้นเส้น อาหารทะเล มะเขือเทศ และหอมใหญ่ลงในชามผสม\nราดน้ำยำแล้วคลุกเคล้าให้เข้ากัน โรยด้วยขึ้นฉ่ายก่อนจัดใส่จาน', 1, NULL, NULL, '2026-01-16 07:45:44', 320, 0),
(64, 'ผัดกะเพราอกไก่ไข่ดาวน้ำ', 'เป็นเมนูยอดนิยมที่ให้โปรตีนสูงและไขมันต่ำ โดยการใช้อกไก่และปรุงด้วยน้ำมันน้อย พร้อมไข่ดาวน้ำเพื่อเลี่ยงน้ำมันส่วนเกิน', 'ตั้งกระทะใส่น้ำมันเล็กน้อย ผัดพริกกระเทียมให้หอม\nใส่อกไก่สับลงไปผัดจนสุก\nปรุงรสด้วยน้ำมันหอยและซีอิ๊วขาว\nใส่ใบกะเพราแล้วปิดไฟทันที\nทำไข่ดาวน้ำโดยตั้งน้ำให้เดือดแล้วตอกไข่ลงไปรอจนสุกตามชอบ จัดเสิร์ฟพร้อมข้าวกล้อง', 1, NULL, NULL, '2026-01-16 07:45:56', 380, 0),
(65, 'แกงส้มผักรวมกุ้งสด', 'เมนูแกงไทยที่ไม่มีกะทิ แคลอรี่ต่ำ และอุดมไปด้วยวิตามินจากผักหลากหลายชนิด ช่วยในการขับถ่าย', 'ต้มน้ำให้เดือดแล้วใส่พริกแกงส้มลงไปละลาย\nใส่ผักรวมที่สุกยากลงไปก่อน ตามด้วยผักที่สุกง่าย\nปรุงรสด้วยน้ำมะขามเปียกและน้ำปลา\nใส่กุ้งสดลงไปต้มจนสุก (ไม่ควรต้มนานเกินไปเพื่อให้กุ้งเนื้อเด้ง)\nตักเสิร์ฟร้อนๆ', 1, NULL, NULL, '2026-01-16 07:45:56', 250, 1),
(66, 'สเต็กปลาดอร์รี่ย่างพริกไทยดำ', 'ปลาเป็นแหล่งโปรตีนที่ย่อยง่ายและไขมันต่ำ พริกไทยดำช่วยกระตุ้นระบบเผาผลาญ', 'โรยเกลือและพริกไทยดำให้ทั่วชิ้นปลาทั้งสองด้าน\nตั้งกระทะใส่น้ำมันมะกอกเล็กน้อย นำปลาลงไปย่างจนสุกเหลือง\nนำหน่อไม้ฝรั่งและแครอทลงไปผัดในกระทะเดียวกันพอสุก\nจัดใส่จานพร้อมทาน', 1, NULL, NULL, '2026-01-16 07:45:56', 310, 0),
(67, 'ต้มยำไก่น้ำใส', 'เป็นเมนูโปรตีนสูง ไขมันต่ำ และมีสมุนไพรช่วยขับลมและกระตุ้นการเผาผลาญ', '1. ตั้งน้ำให้เดือด ใส่ข่า ตะไคร้ ใบมะกรูดลงไป 2. ใส่เนื้ออกไก่ลงไปต้มจนสุก ตามด้วยเห็ดฟาง 3. ปิดไฟแล้วปรุงรสด้วยน้ำปลา มะนาว และพริกขี้หนูบุบ', 1, NULL, NULL, '2026-01-16 07:54:53', 250, 0),
(68, 'ลาบไก่', 'ใช้วิธีการรวนเนื้อสัตว์ด้วยน้ำแทนการใช้น้ำมัน ให้โปรตีนเน้นๆ และรสชาติจัดจ้าน', '1. นำอกไก่สับลงรวนในหม้อด้วยน้ำเปล่าเล็กน้อยจนสุก 2. ใส่พริกป่น ข้าวคั่ว และหอมแดงลงไปคลุกให้เข้ากัน 3. ปรุงรสด้วยมะนาว น้ำปลาลดโซเดียม และโรยผักชีฝรั่ง', 1, NULL, NULL, '2026-01-16 07:54:53', 280, 0),
(69, 'ปลากะพงนึ่งมะนาว', 'เป็นแหล่งโปรตีนย่อยง่ายและไขมันดีจากปลา ปรุงรสด้วยสมุนไพรสดโดยไม่ผ่านการทอด', '1. นำเนื้อปลาไปนึ่งบนกะหล่ำปลีประมาณ 10-15 นาทีจนสุก 2. ผสมน้ำมะนาว น้ำปลาลดโซเดียม พริก และกระเทียมเข้าด้วยกัน 3. ราดน้ำปรุงลงบนตัวปลาแล้วนึ่งต่ออีก 2 นาที โรยผักชีพร้อมเสิร์ฟ', 1, NULL, NULL, '2026-01-16 07:54:53', 320, 0),
(70, 'ผัดกะเพราอกไก่ไข่ดาวน้ำ', 'โปรตีนสูง ไขมันต่ำ และใช้การปรุงแบบลดโซเดียมเพื่อสุขภาพ', '1. ผัดพริกกระเทียมกับน้ำมันให้หอม 2. ใส่อกไก่ลงไปผัดจนสุก 3. ปรุงรสด้วยซอสโซเดียมต่ำและใส่ใบกะเพรา 4. ทำไข่ดาวน้ำในกระทะแยกแล้วเสิร์ฟพร้อมข้าวกล้อง', 1, NULL, NULL, '2026-01-16 08:37:21', 480, 0),
(71, 'แกงเลียงกุ้งสด', 'อุดมไปด้วยผักสมุนไพรหลายชนิด ช่วยในการขับถ่ายและไม่มีกะทิ', '1. ตำเครื่องแกงให้ละเอียดแล้วละลายในน้ำเดือด 2. ใส่ผักที่สุกยากลงไปต้มจนนิ่ม 3. ใส่กุ้งสดลงไป 4. ปิดไฟแล้วใส่ใบแมงลักเพื่อเพิ่มความหอม', 1, NULL, NULL, '2026-01-16 08:37:21', 320, 0),
(72, 'ไก่ผัดเม็ดมะม่วงหิมพานต์สูตรแคลอรีต่ำ', 'ได้รับไขมันดีจากเม็ดมะม่วงหิมพานต์ และโปรตีนจากอกไก่', '1. จี้อกไก่บนกระทะเทฟลอนจนสุก 2. ใส่ผักต่างๆ ลงไปผัดจนนิ่ม 3. ปรุงรสด้วยซอสและใส่พริกแห้ง 4. โรยเม็ดมะม่วงหิมพานต์ก่อนจัดเสิร์ฟ', 1, NULL, NULL, '2026-01-16 08:37:21', 520, 0),
(73, 'แกงส้มชะอมกุ้ง (สูตรลดโซเดียม)', 'เป็นเมนูที่ไม่มีไขมันจากกะทิ ให้โปรตีนสูงจากกุ้งและไข่ พร้อมใยอาหารจากผัก', '1. เจียวไข่ใส่ชะอมโดยใช้น้ำมันรำข้าวเพียงเล็กน้อยแล้วหั่นเป็นชิ้นพอดีคำ 2. ตั้งน้ำให้เดือด ละลายพริกแกงส้มลงไป 3. ใส่ผักรวมและกุ้งสดจนสุก 4. ปรุงรสด้วยน้ำมะขามเปียกและน้ำปลาลดโซเดียม 5. ใส่ไข่ชะอมปิดท้าย', 1, NULL, NULL, '2026-01-16 08:42:26', 420, 0),
(74, 'ต้มยำอกไก่น้ำใส', 'ใช้อกไก่ซึ่งเป็นโปรตีนลีนคุณภาพดี สมุนไพรไทยช่วยกระตุ้นระบบเผาผลาญ', '1. ต้มน้ำให้เดือด ใส่ข่า ตะไคร้ และใบมะกรูดลงไปจนหอม 2. ใส่อกไก่ลงไปต้มจนสุก ตามด้วยเห็ดฟาง 3. ปิดเตาแล้วค่อยปรุงรสด้วยมะนาว พริก และน้ำปลาลดโซเดียม 4. โรยหน้าด้วยผักชีฝรั่ง', 1, NULL, NULL, '2026-01-16 08:42:26', 380, 0),
(75, 'ผัดผักบุ้งไฟแดงอกไก่สับ', 'เน้นกากใยจากผักบุ้งและโปรตีนจากไก่ ใช้การผัดที่เน้นความเร็วเพื่อรักษาคุณค่าสารอาหาร', '1. ตั้งกระทะใส่น้ำมันเล็กน้อย ผัดกระเทียมและพริกจนหอม 2. ใส่อกไก่สับลงไปผัดจนเกือบสุก 3. เร่งไฟแรง ใส่ผักบุ้งและเครื่องปรุงลงไป 4. ผัดอย่างรวดเร็วให้ผักพอสลดแล้วตักเสิร์ฟทันที', 1, NULL, NULL, '2026-01-16 08:42:26', 350, 0),
(76, 'ลาบไก่ (Chicken Larb)', 'โปรตีนสูงจากอกไก่ ไขมันต่ำ และใช้ข้าวคั่วช่วยเพิ่มใยอาหาร', '1. รวนอกไก่สับในหม้อด้วยน้ำเล็กน้อยจนสุก 2. ปรุงรสด้วยน้ำปลา มะนาว และพริกป่นตามชอบ 3. ใส่ข้าวคั่ว หอมแดง และผักชีฝรั่ง คลุกเคล้าให้ทั่วแล้วจัดเสิร์ฟ', 1, NULL, NULL, '2026-01-16 09:02:35', 250, 0),
(77, 'ปลากะพงนึ่งมะนาว (Steamed Sea Bass with Lime)', 'เป็นแหล่งโปรตีนที่ย่อยง่าย มีโอเมก้า 3 และให้พลังงานต่ำ', '1. ล้างปลาให้สะอาด นำไปนึ่งกับรากผักชีประมาณ 15-20 นาทีจนสุก 2. ผสมน้ำมะนาว น้ำปลา พริก และกระเทียมเข้าด้วยกัน 3. ราดน้ำปรุงลงบนตัวปลาแล้วนึ่งต่ออีก 2 นาทีเพื่อให้รสชาติซึมเข้าเนื้อ', 1, NULL, NULL, '2026-01-16 09:02:35', 320, 2),
(78, 'ผัดกะเพราอกไก่ (สูตรน้ำมันน้อย)', 'ใช้เนื้ออกไก่ไม่ติดมันและลดปริมาณน้ำมันในการผัด เพื่อสุขภาพหัวใจ', '1. โขลกพริกกับกระเทียมแล้วนำไปผัดกับน้ำมันรำข้าวให้หอม 2. ใส่เนื้ออกไก่ลงไปผัดจนเริ่มสุก ปรุงรสด้วยซอสหอยนางรม 3. ใส่ใบกะเพราลงไปผัดเร็วๆ แล้วปิดไฟทันที เสิร์ฟพร้อมข้าวกล้อง', 1, NULL, NULL, '2026-01-16 09:02:35', 380, 0),
(79, 'แกงส้มกุ้งผักรวม', 'เป็นเมนูที่ไม่มีกะทิ แคลอรี่ต่ำ และได้วิตามินจากผักหลากหลายชนิด', '1. ต้มน้ำให้เดือดแล้วละลายพริกแกงส้ม 2. ใส่ผักที่สุกยากลงไปต้มจนเริ่มนิ่ม 3. ปรุงรสด้วยน้ำมะขามเปียกและน้ำปลา 4. ใส่กุ้งลงไปต้มจนสุกแล้วปิดไฟทันที', 1, NULL, NULL, '2026-01-16 09:03:52', 280, 0),
(80, 'ไก่ผัดเม็ดมะม่วงหิมพานต์ (สูตรใช้น้ำมันน้อย)', 'ให้โปรตีนสูงและได้ไขมันดีจากเม็ดมะม่วงหิมพานต์ ช่วยให้อิ่มท้องนาน', '1. นำอกไก่ไปรวนในกระทะที่ใส่น้ำมันรำข้าวเล็กน้อย 2. ใส่หอมหัวใหญ่และพริกแห้งลงไปผัด 3. ปรุงรสด้วยซอสโซเดียมต่ำ 4. ใส่เม็ดมะม่วงและต้นหอม ผัดเร็วๆ แล้วตักเสิร์ฟ', 1, NULL, NULL, '2026-01-16 09:03:52', 450, 0),
(81, 'ยำวุ้นเส้นรวมมิตร (สูตรลดโซเดียม)', 'เน้นโปรตีนจากอาหารทะเลและหมูสับไร้มัน รสชาติจัดจ้านแต่แคลอรี่ไม่สูง', '1. ลวกวุ้นเส้นและเนื้อสัตว์ทั้งหมดให้สุก 2. ผสมน้ำยำด้วยพริก น้ำมะนาว และน้ำปลาโซเดียมต่ำ 3. นำเส้นและเนื้อสัตว์มาคลุกเคล้ากับน้ำยำ 4. ใส่ผักสดที่เตรียมไว้คลุกให้เข้ากัน', 1, NULL, NULL, '2026-01-16 09:03:52', 320, 4),
(82, 'ต้มยำกุ้งน้ำใส (Tom Yum Goong Nam Sai)', 'เป็นเมนูที่ให้โปรตีนสูงจากกุ้งและมีแคลอรี่ต่ำมาก เนื่องจากไม่ใส่กะทิและเน้นสมุนไพรไทย', '1. ตั้งน้ำให้เดือด ใส่ข่า ตะไคร้ ใบมะกรูดลงไปต้มจนหอม 2. ใส่เห็ดฟางและกุ้งลงไปต้มจนสุก 3. ปรุงรสด้วยน้ำปลา พริกขี้หนูบุบ และปิดไฟก่อนเติมน้ำมะนาว', 1, NULL, NULL, '2026-01-16 09:04:32', 150, 2),
(83, 'ลาบไก่สับ (สูตรอกไก่ไม่ใส่หนัง)', 'เน้นโปรตีนจากอกไก่และช่วยกระตุ้นการเผาผลาญด้วยพริกและสมุนไพรสด', '1. รวนอกไก่สับในหม้อด้วยน้ำเปล่าเล็กน้อยจนสุก 2. ใส่พริกป่น ข้าวคั่ว น้ำปลา และน้ำมะนาว คลุกให้เข้ากัน 3. ใส่หอมแดง ผักชีฝรั่ง และใบสะระแหน่ แล้วจัดเสิร์ฟพร้อมผักสด', 1, NULL, NULL, '2026-01-16 09:04:32', 210, 0),
(84, 'แกงเลียงกุ้งสดผักรวม', 'อุดมไปด้วยใยอาหารจากผักหลากหลายชนิดและช่วยการไหลเวียนโลหิตจากพริกไทยดำ', '1. ตำหอมแดง พริกไทยดำ และกะปิให้ละเอียดเป็นเครื่องแกง 2. ละลายเครื่องแกงในน้ำเดือด ใส่ฟักทองและบวบลงไปต้มจนเริ่มนิ่ม 3. ใส่กุ้งและใบตำลึง ปรุงรสด้วยน้ำปลาเล็กน้อย ต้มจนกุ้งสุก', 1, NULL, NULL, '2026-01-16 09:04:32', 180, 0),
(85, 'ปลากะพงนึ่งมะนาว', 'เป็นแหล่งโปรตีนไขมันต่ำ ย่อยง่าย และไม่มีส่วนประกอบของน้ำมันในการปรุง', '1. ล้างปลากะพงให้สะอาดแล้วนำไปนึ่งในน้ำเดือดประมาณ 15-20 นาที 2. ผสมน้ำมะนาว น้ำปลา พริก และกระเทียมเข้าด้วยกัน 3. ราดน้ำปรุงลงบนตัวปลาที่นึ่งสุกแล้ว โรยผักชีพร้อมเสิร์ฟ', 1, NULL, NULL, '2026-01-16 11:09:40', 320, 0),
(86, 'ส้มตำไทยและอกไก่ย่างสมุนไพร', 'เมนูยอดนิยมที่ให้กากใยสูงจากมะละกอ และได้โปรตีนเน้นๆ จากอกไก่ไม่ติดมัน', '1. หมักอกไก่ด้วยพริกไทยดำและรากผักชีแล้วนำไปย่างจนสุก 2. ตำพริก กระเทียม ถั่วฝักยาว และมะเขือเทศ ปรุงรสด้วยมะนาวและน้ำปลาลดโซเดียม 3. ใส่เส้นมะละกอลงไปคลุกเคล้า เสิร์ฟพร้อมไก่ย่าง', 1, NULL, NULL, '2026-01-16 11:09:40', 450, 0),
(87, 'ผัดบล็อกโคลีกุ้งสด', 'ให้วิตามินซีและแคลเซียมสูง ใช้การผัดด้วยน้ำมันมะกอกปริมาณน้อย', '1. ลวกบล็อกโคลีและแครอทในน้ำเดือดครู่หนึ่งแล้วตักพักไว้ 2. ตั้งกระทะใส่น้ำมันมะกอก ผัดกระเทียมและกุ้งจนเริ่มสุก 3. ใส่ผักที่ลวกไว้ลงไป ปรุงรสด้วยซอสหอยนางรม ผัดเร็วๆ ให้เข้ากันแล้วปิดไฟ', 1, NULL, NULL, '2026-01-16 11:09:40', 280, 0),
(88, 'ต้มยำกุ้งน้ำใส', 'เป็นเมนูแคลอรี่ต่ำที่ให้โปรตีนสูงจากกุ้ง และมีสมุนไพรช่วยกระตุ้นระบบเผาผลาญ', '1. ตั้งน้ำให้เดือด ใส่ข่า ตะไคร้ และใบมะกรูดลงไปต้มจนหอม 2. ใส่เห็ดฟางและกุ้งลงไปต้มจนสุก 3. ปิดไฟแล้วปรุงรสด้วยน้ำปลา พริกขี้หนู และน้ำมะนาวตามชอบ', 1, NULL, NULL, '2026-01-16 12:24:02', 150, 0),
(89, 'อกไก่ผัดขิง', 'อกไก่ให้โปรตีนซ่อมแซมกล้ามเนื้อ และขิงช่วยในการขับลมและย่อยอาหาร', '1. ตั้งกระทะใส่น้ำมันเล็กน้อย ผัดอกไก่จนเริ่มสุก 2. ใส่ขิงซอย หอมหัวใหญ่ และเห็ดหูหนูลงไปผัดจนเข้ากัน 3. ปรุงรสด้วยซีอิ๊วขาว โรยต้นหอมแล้วตักเสิร์ฟ', 1, NULL, NULL, '2026-01-16 12:24:02', 250, 0),
(90, 'ปลาทับทิมนึ่งซีอิ๊ว', 'ใช้การนึ่งเพื่อหลีกเลี่ยงน้ำมัน และได้โอเมก้า 3 จากเนื้อปลา', '1. วางปลาบนจานนึ่ง โรยด้วยขิงซอย 2. นึ่งในน้ำเดือดจัดประมาณ 15-20 นาทีจนปลาสุก 3. ผสมซีอิ๊วขาวและน้ำมันงาราดบนตัวปลา โรยขึ้นฉ่ายและพริกชี้ฟ้า นึ่งต่อ 1 นาที', 1, NULL, NULL, '2026-01-16 12:24:02', 280, 2),
(91, 'แกงส้มผักรวมปลากะพง', 'เป็นเมนูที่ไม่มีกะทิ ให้พลังงานต่ำแต่สารอาหารสูงจากผักหลากหลายชนิดและโปรตีนสะอาดจากปลา', '1. ต้มน้ำให้เดือดแล้วละลายพริกแกงส้มลงไป 2. ใส่ผักที่สุกยากลงไปต้มจนเริ่มนิ่ม 3. ใส่เนื้อปลากะพงลงไป (ห้ามคนจนกว่าจะสุกเพื่อไม่ให้คาว) 4. ปรุงรสด้วยน้ำมะขามเปียกและน้ำปลา', 1, NULL, NULL, '2026-01-17 04:56:45', 280, 0),
(92, 'ลาบไก่สับสมุนไพร', 'เน้นโปรตีนจากอกไก่และใช้สมุนไพรสดช่วยในการเผาผลาญ ไม่มีการใช้น้ำมันในการปรุง', '1. นำอกไก่สับไปรวนในหม้อด้วยน้ำเปล่าเล็กน้อยจนสุกทั่ว 2. ปิดไฟแล้วปรุงรสด้วยน้ำปลาลดโซเดียม มะนาว และพริกป่น 3. ใส่ข้าวคั่ว หอมแดง และผักชีฝรั่ง คลุกเคล้าให้เข้ากัน 4. โรยหน้าด้วยใบสะระแหน่', 1, NULL, NULL, '2026-01-17 04:56:45', 320, 0),
(93, 'ยำวุ้นเส้นหมูสับและเห็ดรวม', 'ให้พลังงานพอเหมาะ มีคาร์โบไฮเดรตเชิงซ้อนจากวุ้นเส้นและไฟเบอร์จากเห็ดนานาชนิด', '1. ลวกวุ้นเส้น หมูสับ และเห็ดทั้งหมดให้สุกแล้วพักไว้ 2. ทำน้ำยำด้วยพริกขี้หนู มะนาว และน้ำปลาลดโซเดียม 3. นำส่วนผสมที่ลวกไว้มาคลุกกับน้ำยำ 4. ใส่ขึ้นฉ่ายและมะเขือเทศ คลุกเคล้าเบาๆ พร้อมเสิร์ฟ', 1, NULL, NULL, '2026-01-17 04:56:45', 350, 0),
(94, 'ต้มยำอกไก่น้ำใส', 'เป็นเมนูโปรตีนสูง ไขมันต่ำ และใช้สมุนไพรไทยช่วยกระตุ้นการเผาผลาญ', '1. ตั้งน้ำให้เดือด ใส่ข่า ตะไคร้ ใบมะกรูด 2. ใส่อกไก่และเห็ดฟาง ต้มจนสุก 3. ปิดไฟ ปรุงรสด้วยน้ำปลาโซเดียมต่ำ มะนาว และพริกขี้หนู', 1, NULL, NULL, '2026-01-17 04:56:56', 250, 0),
(95, 'แกงเลียงกุ้งสดผักรวม', 'เน้นผักหลากหลายชนิดที่ให้ใยอาหารสูงและแคลอรีต่ำ เหมาะสำหรับสุขภาพโดยรวม', '1. โขลกหอมแดง พริกไทย และกะปิเล็กน้อยให้เข้ากัน 2. ต้มน้ำให้เดือดใส่เครื่องที่โขลกและผักที่สุกยาก 3. ใส่กุ้งและใบแมงลักเมื่อทุกอย่างสุกดี', 1, NULL, NULL, '2026-01-17 04:56:56', 280, 0),
(96, 'ผัดกะเพราอกไก่สับพริกแห้ง', 'ใช้การผัดแบบไม่ใช้น้ำมัน (Water Stir-fry) เพื่อลดแคลอรีจากไขมัน', '1. โขลกพริกแห้งกับกระเทียมแล้วนำไปคั่วในกระทะ 2. ใส่อกไก่สับลงไปผัดโดยใช้น้ำเปล่าแทนน้ำมัน 3. ปรุงรสและใส่ใบกะเพราผัดให้เข้ากัน', 1, NULL, NULL, '2026-01-17 04:56:56', 310, 0),
(97, 'ปลานิลนึ่งมะนาว', 'เป็นแหล่งโปรตีนไขมันต่ำ ย่อยง่าย และมีรสชาติจัดจ้านช่วยกระตุ้นการเผาผลาญ', '1. ล้างปลาให้สะอาดแล้วนำไปนึ่งประมาณ 15-20 นาทีจนสุก 2. ผสมน้ำมะนาว น้ำปลา พริก และกระเทียมเข้าด้วยกัน 3. ราดน้ำปรุงลงบนตัวปลาขณะร้อน โรยหน้าด้วยผักชีและขึ้นฉ่าย', 1, NULL, NULL, '2026-01-17 05:03:36', 320, 0),
(98, 'ผัดผักรวมมิตรกุ้งสด', 'อุดมด้วยวิตามินและใยอาหารจากผักหลากหลายชนิด พร้อมโปรตีนจากกุ้ง', '1. ตั้งกระทะใส่น้ำมันเล็กน้อย ผัดกระเทียมให้หอม 2. ใส่กุ้งลงไปผัดพอสุก 3. ใส่ผักทั้งหมดลงไป ตามด้วยซอสหอยนางรมและน้ำเปล่าเล็กน้อย ผัดไฟแรงอย่างรวดเร็วเพื่อให้ผักยังกรอบ', 1, NULL, NULL, '2026-01-17 05:03:36', 280, 0),
(99, 'แกงจืดเต้าหู้หมูสับผักกาดขาว', 'เมนูเบาสบายท้อง ให้พลังงานพอเหมาะและช่วยเติมความสดชื่น', '1. ต้มน้ำให้เดือด ใส่รากผักชี กระเทียม พริกไทยที่โขลกไว้ 2. ปั้นหมูสับเป็นก้อนลงในน้ำเดือด 3. ใส่ผักกาดขาวและเต้าหู้ไข่ลงไป ปรุงรสด้วยซีอิ๊วขาว ต้มจนผักนุ่มตามชอบ', 1, NULL, NULL, '2026-01-17 05:03:36', 250, 0),
(100, 'ต้มยำไก่น้ำใส', 'เป็นแหล่งโปรตีนไขมันต่ำและมีสมุนไพรช่วยกระตุ้นการไหลเวียนโลหิต', '1. ต้มน้ำให้เดือด ใส่ข่า ตะไคร้ ใบมะกรูด 2. ใส่เนื้ออกไก่และเห็ดฟางต้มจนสุก 3. ปิดไฟ ปรุงรสด้วยมะนาว น้ำปลา และพริกตามชอบ', 1, NULL, NULL, '2026-01-17 05:03:49', 650, 0),
(101, 'ลาบหมูสันใน', 'ใช้เนื้อหมูส่วนสันในที่ไขมันน้อยมาก ให้พลังงานและโปรตีนที่เหมาะสม', '1. รวนหมูสับในหม้อด้วยน้ำเปล่าจนสุก 2. ปรุงรสด้วยน้ำปลา มะนาว พริกป่น และข้าวคั่ว 3. ใส่หอมแดงและผักชีฝรั่ง คลุกให้เข้ากัน', 1, NULL, NULL, '2026-01-17 05:03:49', 750, 0),
(102, 'ผัดฉ่าปลากะพง', 'เนื้อปลาเป็นโปรตีนย่อยง่าย และสมุนไพรในผัดฉ่าช่วยลดระดับไขมันในเลือด', '1. ผัดพริกแกงกับน้ำมันมะกอกให้หอม 2. ใส่เนื้อปลาลงไปผัดจนเกือบสุก 3. ใส่กระชาย พริกไทยอ่อน และใบมะกรูด ปรุงรสเล็กน้อยแล้วผัดจนสุก', 1, NULL, NULL, '2026-01-17 05:03:49', 700, 0),
(103, 'ยำวุ้นเส้นอกไก่สับและกุ้งสด', 'เป็นเมนูที่ให้พลังงานต่ำแต่โปรตีนสูง ใช้การลวกแทนการทอด ลดไขมันส่วนเกิน', '1. ลวกวุ้นเส้น อกไก่ และกุ้งให้สุก 2. ผสมน้ำยำด้วยพริก น้ำมะนาว และน้ำปลาลดโซเดียม 3. นำส่วนผสมที่ลวกไว้มาคลุกเคล้ากับน้ำยำและผักสดพร้อมเสิร์ฟ', 1, NULL, NULL, '2026-01-17 05:05:55', 320, 0),
(104, 'แกงส้มปลากะพงผักรวม', 'แกงไทยที่ไม่ใส่กะทิ ช่วยลดแคลอรี่และไขมันอิ่มตัว พร้อมได้ใยอาหารจากผักหลากหลายชนิด', '1. ต้มน้ำให้เดือดแล้วละลายพริกแกงส้ม 2. ใส่ผักที่สุกยากลงไปก่อนตามด้วยผักที่สุกง่าย 3. ใส่เนื้อปลากะพงห้ามคนจนกว่าจะสุก 4. ปรุงรสด้วยน้ำมะขามเปียกและน้ำปลา', 1, NULL, NULL, '2026-01-17 05:05:55', 280, 0),
(105, 'ไก่ผัดเม็ดมะม่วงหิมพานต์สูตรคลีน', 'ใช้อกไก่ไม่ติดหนังและน้ำมันน้อย ได้ไขมันดีจากเม็ดมะม่วงหิมพานต์ ช่วยให้อิ่มนาน', '1. ผัดอกไก่กับน้ำเปล่าหรือน้ำมันมะกอกเล็กน้อยจนสุก 2. ใส่หอมหัวใหญ่ พริกหวาน และพริกแห้งลงไปผัด 3. ปรุงรสด้วยซอสลดโซเดียม 4. โรยเม็ดมะม่วงหิมพานต์และต้นหอมก่อนปิดไฟ', 1, NULL, NULL, '2026-01-17 05:05:55', 420, 0),
(106, 'ต้มยำกุ้งน้ำใส', 'โปรตีนสูงจากกุ้งสด และไม่มีส่วนผสมของกะทิทำให้แคลอรี่ต่ำและดีต่อสุขภาพหัวใจ', '1. ต้มน้ำให้เดือด ใส่ข่า ตะไคร้ ใบมะกรูดลงไปจนมีกลิ่นหอม 2. ใส่กุ้งและเห็ดฟาง ต้มจนกุ้งสุก 3. ปิดไฟแล้วปรุงรสด้วยน้ำปลา พริกขี้หนู และน้ำมะนาวตามชอบ', 1, NULL, NULL, '2026-01-17 05:14:09', 180, 4),
(107, 'อกไก่ผัดพริกแกงถั่วฝักยาว', 'ใช้อกไก่ไร้หนังให้โปรตีนสูงและถั่วฝักยาวช่วยเพิ่มใยอาหาร ผัดด้วยน้ำมันน้อย', '1. ตั้งกระทะใส่น้ำมันมะกอกและพริกแกง ผัดจนหอม 2. ใส่อกไก่ลงไปผัดจนเกือบสุก 3. ใส่ถั่วฝักยาวและปรุงรสด้วยน้ำปลาลดโซเดียมและหญ้าหวาน 4. ใส่ใบมะกรูดแล้วยกลง', 1, NULL, NULL, '2026-01-17 05:14:09', 280, 2),
(108, 'ปลานึ่งมะนาว', 'เป็นเมนูที่ไขมันต่ำมาก ได้โอเมก้า 3 จากเนื้อปลา และรสชาติเปรี้ยวเผ็ดช่วยกระตุ้นการเผาผลาญ', '1. นำปลาไปนึ่งบนไฟแรงพร้อมรากผักชีประมาณ 10-15 นาทีจนสุก 2. ผสมน้ำมะนาว น้ำปลา พริก และกระเทียมเข้าด้วยกัน 3. ราดน้ำปรุงรสลงบนตัวปลาที่นึ่งเสร็จแล้ว แต่งหน้าด้วยผักชี', 1, NULL, NULL, '2026-01-17 05:14:09', 210, 2),
(109, 'ลาบไก่ (Larb Gai)', 'เป็นเมนูโปรตีนสูง ไขมันต่ำ และใช้สมุนไพรช่วยระบบย่อยอาหาร', '1. รวนอกไก่สับในหม้อด้วยน้ำเปล่าเล็กน้อยจนสุก 2. ปรุงรสด้วยน้ำปลา มะนาว และพริกป่น 3. ใส่ข้าวคั่ว หอมแดง และผักชีฝรั่ง คลุกให้เข้ากัน 4. โรยหน้าด้วยใบสะระแหน่พร้อมเสิร์ฟ', 1, NULL, NULL, '2026-01-17 09:49:58', 250, 6),
(110, 'ผัดผักรวมมิตรกุ้งสด (Stir-fried Mixed Vegetables with Shrimp)', 'ให้ใยอาหารสูงจากผักหลากหลายชนิด และได้โปรตีนจากกุ้งที่ไขมันน้อย', '1. ตั้งกระทะใส่น้ำมันมะกอกและกระเทียมผัดจนหอม \r\n2. ใส่กุ้งลงไปผัดพอเริ่มเปลี่ยนสี \r\n3. ใส่ผักทั้งหมดลงไปผัดด้วยไฟแรง \r\n4. ปรุงรสด้วยซอสหอยนางรม เติมน้ำเปล่าเล็กน้อย ผัดจนผักสุกกรอบ', 1, NULL, NULL, '2026-01-17 09:49:58', 220, 33),
(112, 'ปลากะพงนึ่งซีอิ๊วขิงแก่', 'แหล่งโปรตีนจากปลาที่ย่อยง่าย มีไขมันต่ำและได้คุณประโยชน์จากขิงที่ช่วยระบบย่อยอาหาร', '', 1, NULL, NULL, '2026-02-23 17:55:29', 250, 0),
(113, 'สลัดเต้าหู้ย่างและไข่ต้มซอสโชยุ', 'การผสมผสานโปรตีนจากพืชและไข่ไก่ ให้กรดอะมิโนที่จำเป็นครบถ้วนและรสชาติที่สดชื่น', '', 1, NULL, NULL, '2026-02-23 17:55:35', 310, 0),
(114, 'อกไก่นุ่มย่างสมุนไพรและควิโนอา', 'อกไก่หมักสมุนไพรไทยย่างจนสุกกำลังดี เสิร์ฟพร้อมควิโนอาที่ให้โปรตีนครบถ้วนและใยอาหารสูง', '', 1, NULL, NULL, '2026-02-23 17:55:38', 380, 1),
(115, 'อกไก่นุ่มย่างสมุนไพรและควิโนอา (มื้อเช้า)', 'อกไก่หมักสมุนไพรย่างจนนุ่ม ทานคู่กับควิโนอาที่อุดมไปด้วยโปรตีนและใยอาหาร ช่วยให้อิ่มนานและรักษาระดับน้ำตาลให้คงที่', '', 1, NULL, NULL, '2026-02-24 04:44:07', 600, 3),
(116, 'สลัดทูน่าอะโวคาโด (มื้อว่าง)', 'ทูน่าในน้ำแร่ผสมกับอะโวคาโดหั่นเต๋า เพิ่มไขมันดีเพื่อบำรุงหัวใจและช่วยให้อิ่มนาน', '', 1, NULL, NULL, '2026-02-24 04:46:31', 431, 2),
(117, 'ข้าวต้มข้าวกล้องหมูสับทรงเครื่องและไข่ลวก (มื้อเช้า)', 'ข้าวกล้องหอมมะลิต้มสุกกับหมูสับเนื้อแดง (ไม่ติดมัน) ปรุงรสด้วยขิงแก่ซอยและเห็ดหอมสด เสริมโปรตีนด้วยไข่ลวก 2 ฟอง', '', 1, NULL, NULL, '2026-02-25 04:08:04', 580, 0),
(118, 'อกไก่นึ่งมะนาวทานคู่กับข้าวกล้องและผัดผักบุ้ง (มื้อกลางวัน)', 'อกไก่นึ่งราดซอสมะนาวพริกสดรสชาติจัดจ้านแต่โซเดียมต่ำ ทานคู่กับข้าวกล้องและผัดผักบุ้งไฟแดงที่ใช้น้ำมันมะกอกเล็กน้อย', '', 1, NULL, NULL, '2026-02-25 08:41:04', 700, 0),
(119, 'ฝรั่งสดและเม็ดมะม่วงหิมพานต์อบ (มื้อว่าง)', 'ฝรั่งแป้นสีทองซึ่งเป็นผลไม้น้ำตาลต่ำวิตามินซีสูง ทานคู่กับเม็ดมะม่วงหิมพานต์อบธรรมชาติไม่เติมเกลือเพื่อรับไขมันดี', '', 1, NULL, NULL, '2026-02-25 08:41:13', 300, 0),
(120, 'อกไก่นุ่มย่างสมุนไพรและควิโนอา', 'อกไก่ลีนย่างด้วยสมุนไพรสด หอมนุ่ม เสิร์ฟคู่กับควิโนอาที่ให้โปรตีนสูงและดีต่อระดับน้ำตาล', '', 1, NULL, NULL, '2026-02-25 08:41:23', 550, 4),
(121, 'สเต็กปลาแซลมอนย่างเกลือพริกไทยและหน่อไม้ฝรั่ง (มื้อเย็น)', 'ปลาแซลมอนย่างที่อุดมด้วยโอเมก้า-3 และโปรตีน เสิร์ฟพร้อมหน่อไม้ฝรั่งกรอบ ปรุงรสอ่อนๆ เพื่อคุมความดัน', '', 1, NULL, NULL, '2026-02-25 08:41:42', 700, 1),
(122, 'แซนด์วิชอกไก่ย่างขนมปังโฮลวีตและไข่ต้ม', 'ใช้อกไก่ลอกหนังย่าง ขนมปังโฮลวีต 2 แผ่น และไข่ต้ม เพิ่มผักกาดคอสและมะเขือเทศ ให้ใยอาหารสูงและอิ่มนาน', '', 1, NULL, NULL, '2026-03-03 08:44:17', 500, 0),
(123, 'ข้าวไรซ์เบอร์รี่อกไก่ผัดขิงและเห็ดหูหนู', 'อกไก่ผัดกับขิงสดและเห็ดหูหนู ช่วยระบบไหลเวียนโลหิต ปรุงด้วยซีอิ๊วขาวโซเดียมต่ำ เสิร์ฟพร้อมข้าวไรซ์เบอร์รี่', '', 1, NULL, NULL, '2026-03-03 08:46:43', 650, 0),
(124, 'สลัดโรลอกไก่ฉีกน้ำจิ้มซีฟู้ดโยเกิร์ต', 'เมนูว่างที่ใช้แป้งสลัดโรลบางๆ ห่อผักสดและอกไก่ฉีก น้ำจิ้มใช้โยเกิร์ตรสธรรมชาติผสมมะนาวและพริกสดแทนน้ำสลัดไขมันสูง', '', 1, NULL, NULL, '2026-03-03 08:46:49', 331, 1),
(125, 'มื้อเช้า: ข้าวต้มข้าวกล้องหมูสับทรงเครื่องและไข่ลวก', 'ข้าวต้มข้าวกล้องกับหมูสับไม่ติดมันปรุงรสอ่อนๆ ด้วยซีอิ๊วลดโซเดียม เห็ดหอม แครอท และไข่ลวก ให้พลังงานและโปรตีนที่ดีในมื้อเช้า', '', 1, NULL, NULL, '2026-03-04 15:51:03', 500, 0),
(126, 'มื้อกลางวัน: ลาบอกไก่ไขมันต่ำ', 'ลาบอกไก่สับปรุงรสจัดจ้านด้วยสมุนไพรไทย ข้าวคั่ว พริกป่น และน้ำปลาลดโซเดียม เสิร์ฟพร้อมผักสดหลากหลายชนิดและข้าวกล้อง เพื่อไฟเบอร์และคาร์โบไฮเดรตเชิงซ้อนที่ดี', '', 1, NULL, NULL, '2026-03-04 15:51:09', 600, 0),
(127, 'มื้อว่าง: ฝรั่งสดและเม็ดมะม่วงหิมพานต์อบ', 'ฝรั่งสดเนื้อกรอบวิตามินซีสูงและไฟเบอร์ดี ทานคู่กับเม็ดมะม่วงหิมพานต์อบธรรมชาติไม่ปรุงรส (ประมาณ 1 อุ้งมือ) เพื่อเพิ่มไขมันดีและโปรตีน', '', 1, NULL, NULL, '2026-03-04 15:51:13', 250, 0),
(128, 'มื้อเย็น: สเต็กปลาแซลมอนย่างเกลือพริกไทยและหน่อไม้ฝรั่ง', 'ปลาแซลมอนชิ้นใหญ่ย่างหอมๆ ปรุงรสด้วยเกลือและพริกไทยดำเล็กน้อย ให้โอเมก้า 3 ที่ดีต่อสุขภาพหัวใจ เสิร์ฟพร้อมหน่อไม้ฝรั่งลวกและสลัดผักใบเขียวราดน้ำสลัดใสไขมันต่ำ', '', 1, NULL, NULL, '2026-03-04 15:51:17', 700, 1),
(129, 'แซนด์วิชอกไก่ย่างขนมปังโฮลวีตและไข่ต้ม', 'แซนด์วิชขนมปังโฮลวีตเนื้อนุ่ม สอดไส้อกไก่ย่างหอมกรุ่นและไข่ต้ม โปรตีนสูง ไฟเบอร์ดีต่อระบบขับถ่าย เหมาะสำหรับมื้อเช้าที่ต้องการความรวดเร็วและคุณค่าทางอาหารครบถ้วน', '', 1, NULL, NULL, '2026-03-04 15:51:24', 400, 0);

-- --------------------------------------------------------

--
-- Table structure for table `recipe_ingredients`
--

CREATE TABLE `recipe_ingredients` (
  `recipe_id` int(11) NOT NULL,
  `ingredient_id` int(11) NOT NULL,
  `amount` decimal(10,2) NOT NULL,
  `unit` varchar(50) NOT NULL
) ENGINE=InnoDB DEFAULT CHARSET=utf8mb4 COLLATE=utf8mb4_general_ci;

--
-- Dumping data for table `recipe_ingredients`
--

INSERT INTO `recipe_ingredients` (`recipe_id`, `ingredient_id`, `amount`, `unit`) VALUES
(1, 1, 100.00, 'grams'),
(1, 4, 50.00, 'grams'),
(2, 2, 200.00, 'grams'),
(2, 3, 20.00, 'grams'),
(5, 5, 0.00, 'units'),
(5, 6, 0.00, 'units'),
(5, 7, 0.00, 'units'),
(5, 8, 0.00, 'units'),
(5, 9, 0.00, 'units'),
(6, 10, 0.00, 'units'),
(6, 11, 0.00, 'units'),
(6, 12, 0.00, 'units'),
(6, 13, 0.00, 'units'),
(6, 14, 0.00, 'units'),
(7, 15, 0.00, 'units'),
(7, 16, 0.00, 'units'),
(7, 17, 0.00, 'units'),
(7, 18, 0.00, 'units'),
(7, 19, 0.00, 'units'),
(7, 20, 0.00, 'units'),
(8, 21, 0.00, 'units'),
(8, 22, 0.00, 'units'),
(8, 23, 0.00, 'units'),
(8, 24, 0.00, 'units'),
(8, 25, 0.00, 'units'),
(9, 26, 0.00, 'units'),
(9, 27, 0.00, 'units'),
(9, 28, 0.00, 'units'),
(9, 29, 0.00, 'units'),
(9, 30, 0.00, 'units'),
(10, 31, 0.00, 'units'),
(10, 32, 0.00, 'units'),
(10, 33, 0.00, 'units'),
(10, 34, 0.00, 'units'),
(10, 35, 0.00, 'units'),
(10, 36, 0.00, 'units'),
(11, 37, 0.00, 'units'),
(11, 38, 0.00, 'units'),
(12, 39, 0.00, 'units'),
(13, 40, 0.00, 'units'),
(13, 41, 0.00, 'units'),
(13, 42, 0.00, 'units'),
(13, 43, 0.00, 'units'),
(13, 44, 0.00, 'units'),
(13, 45, 0.00, 'units'),
(14, 46, 0.00, 'units'),
(14, 47, 0.00, 'units'),
(14, 48, 0.00, 'units'),
(14, 49, 0.00, 'units'),
(14, 50, 0.00, 'units'),
(15, 51, 0.00, 'units'),
(15, 52, 0.00, 'units'),
(15, 53, 0.00, 'units'),
(15, 54, 0.00, 'units'),
(15, 55, 0.00, 'units'),
(15, 56, 0.00, 'units'),
(16, 57, 0.00, 'units'),
(17, 58, 0.00, 'units'),
(18, 59, 0.00, 'units'),
(18, 60, 0.00, 'units'),
(18, 61, 0.00, 'units'),
(18, 62, 0.00, 'units'),
(18, 63, 0.00, 'units'),
(19, 64, 0.00, 'units'),
(20, 65, 0.00, 'units'),
(20, 66, 0.00, 'units'),
(20, 67, 0.00, 'units'),
(21, 68, 0.00, 'units'),
(21, 69, 0.00, 'units'),
(21, 70, 0.00, 'units'),
(21, 71, 0.00, 'units'),
(21, 72, 0.00, 'units'),
(22, 73, 0.00, 'units'),
(22, 74, 0.00, 'units'),
(22, 75, 0.00, 'units'),
(22, 76, 0.00, 'units'),
(24, 77, 0.00, 'units'),
(24, 78, 0.00, 'units'),
(24, 79, 0.00, 'units'),
(25, 80, 0.00, 'units'),
(26, 81, 0.00, 'units'),
(26, 82, 0.00, 'units'),
(26, 83, 0.00, 'units'),
(26, 84, 0.00, 'units'),
(26, 85, 0.00, 'units'),
(27, 86, 0.00, 'units'),
(27, 87, 0.00, 'units'),
(27, 88, 0.00, 'units'),
(28, 89, 0.00, 'units'),
(29, 90, 0.00, 'units'),
(29, 91, 0.00, 'units'),
(32, 92, 0.00, 'units'),
(32, 93, 0.00, 'units'),
(32, 94, 0.00, 'units'),
(32, 95, 0.00, 'units'),
(32, 96, 0.00, 'units'),
(35, 97, 0.00, 'units'),
(35, 98, 0.00, 'units'),
(35, 99, 0.00, 'units'),
(38, 100, 0.00, 'units'),
(38, 101, 0.00, 'units'),
(40, 102, 0.00, 'units'),
(40, 103, 0.00, 'units'),
(40, 104, 0.00, 'units'),
(41, 105, 0.00, 'units'),
(41, 106, 0.00, 'units'),
(41, 107, 0.00, 'units'),
(43, 108, 0.00, 'units'),
(43, 109, 0.00, 'units'),
(43, 110, 0.00, 'units'),
(44, 111, 0.00, 'units'),
(44, 112, 0.00, 'units'),
(44, 113, 0.00, 'units'),
(44, 114, 0.00, 'units'),
(44, 115, 0.00, 'units'),
(44, 116, 0.00, 'units'),
(47, 117, 0.00, 'units'),
(47, 118, 0.00, 'units'),
(48, 119, 0.00, 'units'),
(49, 52, 0.00, 'units'),
(49, 53, 0.00, 'units'),
(49, 120, 0.00, 'units'),
(49, 121, 0.00, 'units'),
(49, 122, 0.00, 'units'),
(49, 123, 0.00, 'units'),
(50, 124, 0.00, 'units'),
(50, 125, 0.00, 'units'),
(50, 126, 0.00, 'units'),
(50, 127, 0.00, 'units'),
(50, 128, 0.00, 'units'),
(50, 129, 0.00, 'units'),
(50, 130, 0.00, 'units'),
(50, 131, 0.00, 'units'),
(51, 9, 0.00, 'units'),
(51, 132, 0.00, 'units'),
(51, 133, 0.00, 'units'),
(51, 134, 0.00, 'units'),
(51, 135, 0.00, 'units'),
(53, 136, 0.00, 'units'),
(53, 137, 0.00, 'units'),
(53, 138, 0.00, 'units'),
(53, 139, 0.00, 'units'),
(54, 140, 0.00, 'units'),
(55, 141, 0.00, 'units'),
(60, 142, 0.00, 'units'),
(61, 143, 0.00, 'units'),
(62, 144, 0.00, 'units'),
(63, 145, 0.00, 'units'),
(65, 146, 0.00, 'units'),
(65, 147, 0.00, 'units'),
(65, 148, 0.00, 'units'),
(65, 149, 0.00, 'units'),
(65, 150, 0.00, 'units'),
(66, 151, 0.00, 'units'),
(66, 152, 0.00, 'units'),
(66, 153, 0.00, 'units'),
(67, 37, 0.00, 'units'),
(67, 154, 0.00, 'units'),
(67, 155, 0.00, 'units'),
(67, 156, 0.00, 'units'),
(67, 157, 0.00, 'units'),
(67, 158, 0.00, 'units'),
(67, 159, 0.00, 'units'),
(68, 40, 0.00, 'units'),
(68, 78, 0.00, 'units'),
(68, 160, 0.00, 'units'),
(68, 161, 0.00, 'units'),
(68, 162, 0.00, 'units'),
(68, 163, 0.00, 'units'),
(69, 35, 0.00, 'units'),
(69, 105, 0.00, 'units'),
(69, 164, 0.00, 'units'),
(69, 165, 0.00, 'units'),
(69, 166, 0.00, 'units'),
(69, 167, 0.00, 'units'),
(70, 13, 0.00, 'units'),
(70, 14, 0.00, 'units'),
(70, 41, 0.00, 'units'),
(70, 45, 0.00, 'units'),
(70, 89, 0.00, 'units'),
(70, 168, 0.00, 'units'),
(71, 146, 0.00, 'units'),
(71, 169, 0.00, 'units'),
(71, 170, 0.00, 'units'),
(71, 171, 0.00, 'units'),
(72, 73, 0.00, 'units'),
(72, 74, 0.00, 'units'),
(72, 172, 0.00, 'units'),
(72, 173, 0.00, 'units'),
(73, 21, 0.00, 'units'),
(73, 148, 0.00, 'units'),
(73, 174, 0.00, 'units'),
(73, 175, 0.00, 'units'),
(73, 176, 0.00, 'units'),
(73, 177, 0.00, 'units'),
(74, 31, 0.00, 'units'),
(74, 32, 0.00, 'units'),
(74, 34, 0.00, 'units'),
(74, 178, 0.00, 'units'),
(74, 179, 0.00, 'units'),
(74, 180, 0.00, 'units'),
(75, 40, 0.00, 'units'),
(75, 88, 0.00, 'units'),
(75, 181, 0.00, 'units'),
(75, 182, 0.00, 'units'),
(75, 183, 0.00, 'units'),
(75, 184, 0.00, 'units'),
(76, 8, 0.00, 'units'),
(76, 66, 0.00, 'units'),
(76, 67, 0.00, 'units'),
(76, 126, 0.00, 'units'),
(76, 127, 0.00, 'units'),
(76, 180, 0.00, 'units'),
(76, 185, 0.00, 'units'),
(77, 8, 0.00, 'units'),
(77, 70, 0.00, 'units'),
(77, 185, 0.00, 'units'),
(77, 186, 0.00, 'units'),
(77, 187, 0.00, 'units'),
(77, 188, 0.00, 'units'),
(78, 130, 0.00, 'units'),
(78, 184, 0.00, 'units'),
(78, 189, 0.00, 'units'),
(78, 190, 0.00, 'units'),
(78, 191, 0.00, 'units'),
(78, 192, 0.00, 'units'),
(79, 185, 0.00, 'units'),
(79, 193, 0.00, 'units'),
(79, 194, 0.00, 'units'),
(79, 195, 0.00, 'units'),
(79, 196, 0.00, 'units'),
(79, 197, 0.00, 'units'),
(79, 198, 0.00, 'units'),
(80, 73, 0.00, 'units'),
(80, 74, 0.00, 'units'),
(80, 76, 0.00, 'units'),
(80, 173, 0.00, 'units'),
(80, 199, 0.00, 'units'),
(80, 200, 0.00, 'units'),
(81, 127, 0.00, 'units'),
(81, 128, 0.00, 'units'),
(81, 129, 0.00, 'units'),
(81, 201, 0.00, 'units'),
(81, 202, 0.00, 'units'),
(81, 203, 0.00, 'units'),
(81, 204, 0.00, 'units'),
(82, 8, 0.00, 'units'),
(82, 130, 0.00, 'units'),
(82, 185, 0.00, 'units'),
(82, 205, 0.00, 'units'),
(82, 206, 0.00, 'units'),
(82, 207, 0.00, 'units'),
(82, 208, 0.00, 'units'),
(82, 209, 0.00, 'units'),
(83, 8, 0.00, 'units'),
(83, 65, 0.00, 'units'),
(83, 66, 0.00, 'units'),
(83, 67, 0.00, 'units'),
(83, 180, 0.00, 'units'),
(83, 185, 0.00, 'units'),
(83, 210, 0.00, 'units'),
(83, 211, 0.00, 'units'),
(84, 9, 0.00, 'units'),
(84, 127, 0.00, 'units'),
(84, 206, 0.00, 'units'),
(84, 212, 0.00, 'units'),
(84, 213, 0.00, 'units'),
(84, 214, 0.00, 'units'),
(84, 215, 0.00, 'units'),
(84, 216, 0.00, 'units'),
(85, 164, 0.00, 'units'),
(85, 217, 0.00, 'units'),
(85, 218, 0.00, 'units'),
(85, 219, 0.00, 'units'),
(85, 220, 0.00, 'units'),
(85, 221, 0.00, 'units'),
(86, 222, 0.00, 'units'),
(86, 223, 0.00, 'units'),
(86, 224, 0.00, 'units'),
(86, 225, 0.00, 'units'),
(86, 226, 0.00, 'units'),
(86, 227, 0.00, 'units'),
(87, 13, 0.00, 'units'),
(87, 88, 0.00, 'units'),
(87, 228, 0.00, 'units'),
(87, 229, 0.00, 'units'),
(87, 230, 0.00, 'units'),
(87, 231, 0.00, 'units'),
(88, 8, 0.00, 'units'),
(88, 34, 0.00, 'units'),
(88, 185, 0.00, 'units'),
(88, 206, 0.00, 'units'),
(88, 207, 0.00, 'units'),
(88, 208, 0.00, 'units'),
(88, 209, 0.00, 'units'),
(88, 232, 0.00, 'units'),
(89, 56, 0.00, 'units'),
(89, 61, 0.00, 'units'),
(89, 62, 0.00, 'units'),
(89, 76, 0.00, 'units'),
(89, 189, 0.00, 'units'),
(89, 233, 0.00, 'units'),
(89, 234, 0.00, 'units'),
(90, 61, 0.00, 'units'),
(90, 129, 0.00, 'units'),
(90, 235, 0.00, 'units'),
(90, 236, 0.00, 'units'),
(90, 237, 0.00, 'units'),
(90, 238, 0.00, 'units'),
(91, 53, 0.00, 'units'),
(91, 132, 0.00, 'units'),
(91, 185, 0.00, 'units'),
(91, 194, 0.00, 'units'),
(91, 195, 0.00, 'units'),
(91, 197, 0.00, 'units'),
(91, 198, 0.00, 'units'),
(92, 65, 0.00, 'units'),
(92, 66, 0.00, 'units'),
(92, 67, 0.00, 'units'),
(92, 127, 0.00, 'units'),
(92, 131, 0.00, 'units'),
(92, 180, 0.00, 'units'),
(92, 211, 0.00, 'units'),
(93, 125, 0.00, 'units'),
(93, 128, 0.00, 'units'),
(93, 129, 0.00, 'units'),
(93, 130, 0.00, 'units'),
(93, 233, 0.00, 'units'),
(93, 239, 0.00, 'units'),
(93, 240, 0.00, 'units'),
(94, 130, 0.00, 'units'),
(94, 131, 0.00, 'units'),
(94, 206, 0.00, 'units'),
(94, 207, 0.00, 'units'),
(94, 208, 0.00, 'units'),
(94, 209, 0.00, 'units'),
(94, 223, 0.00, 'units'),
(95, 9, 0.00, 'units'),
(95, 127, 0.00, 'units'),
(95, 170, 0.00, 'units'),
(95, 193, 0.00, 'units'),
(95, 213, 0.00, 'units'),
(95, 214, 0.00, 'units'),
(95, 215, 0.00, 'units'),
(96, 89, 0.00, 'units'),
(96, 190, 0.00, 'units'),
(96, 191, 0.00, 'units'),
(96, 241, 0.00, 'units'),
(96, 242, 0.00, 'units'),
(97, 164, 0.00, 'units'),
(97, 219, 0.00, 'units'),
(97, 243, 0.00, 'units'),
(97, 244, 0.00, 'units'),
(97, 245, 0.00, 'units'),
(97, 246, 0.00, 'units'),
(98, 55, 0.00, 'units'),
(98, 184, 0.00, 'units'),
(98, 228, 0.00, 'units'),
(98, 247, 0.00, 'units'),
(98, 248, 0.00, 'units'),
(98, 249, 0.00, 'units'),
(99, 15, 0.00, 'units'),
(99, 17, 0.00, 'units'),
(99, 250, 0.00, 'units'),
(99, 251, 0.00, 'units'),
(99, 252, 0.00, 'units'),
(100, 32, 0.00, 'units'),
(100, 130, 0.00, 'units'),
(100, 131, 0.00, 'units'),
(100, 178, 0.00, 'units'),
(100, 223, 0.00, 'units'),
(100, 253, 0.00, 'units'),
(101, 67, 0.00, 'units'),
(101, 78, 0.00, 'units'),
(101, 127, 0.00, 'units'),
(101, 131, 0.00, 'units'),
(101, 180, 0.00, 'units'),
(101, 254, 0.00, 'units'),
(102, 13, 0.00, 'units'),
(102, 105, 0.00, 'units'),
(102, 209, 0.00, 'units'),
(102, 255, 0.00, 'units'),
(102, 256, 0.00, 'units'),
(102, 257, 0.00, 'units'),
(103, 118, 0.00, 'units'),
(103, 258, 0.00, 'units'),
(103, 259, 0.00, 'units'),
(103, 260, 0.00, 'units'),
(103, 261, 0.00, 'units'),
(103, 262, 0.00, 'units'),
(103, 263, 0.00, 'units'),
(104, 185, 0.00, 'units'),
(104, 194, 0.00, 'units'),
(104, 195, 0.00, 'units'),
(104, 196, 0.00, 'units'),
(104, 197, 0.00, 'units'),
(104, 198, 0.00, 'units'),
(104, 264, 0.00, 'units'),
(105, 73, 0.00, 'units'),
(105, 74, 0.00, 'units'),
(105, 192, 0.00, 'units'),
(105, 241, 0.00, 'units'),
(105, 265, 0.00, 'units'),
(105, 266, 0.00, 'units'),
(106, 8, 0.00, 'units'),
(106, 32, 0.00, 'units'),
(106, 130, 0.00, 'units'),
(106, 174, 0.00, 'units'),
(106, 185, 0.00, 'units'),
(106, 207, 0.00, 'units'),
(106, 208, 0.00, 'units'),
(106, 209, 0.00, 'units'),
(107, 13, 0.00, 'units'),
(107, 31, 0.00, 'units'),
(107, 267, 0.00, 'units'),
(107, 268, 0.00, 'units'),
(107, 269, 0.00, 'units'),
(107, 270, 0.00, 'units'),
(108, 70, 0.00, 'units'),
(108, 185, 0.00, 'units'),
(108, 187, 0.00, 'units'),
(108, 188, 0.00, 'units'),
(108, 244, 0.00, 'units'),
(108, 271, 0.00, 'units'),
(109, 78, 0.00, 'units'),
(109, 79, 0.00, 'units'),
(109, 89, 0.00, 'units'),
(109, 150, 0.00, 'units'),
(109, 210, 0.00, 'units'),
(109, 272, 0.00, 'units'),
(109, 273, 0.00, 'units'),
(110, 12, 1.00, 'ช้อนชา'),
(110, 88, 1.00, 'ช้อนชา'),
(120, 212, 100.00, 'กรัม');

-- --------------------------------------------------------

--
-- Table structure for table `recipe_reviews`
--

CREATE TABLE `recipe_reviews` (
  `id` int(11) NOT NULL,
  `recipe_id` int(11) NOT NULL,
  `user_id` int(11) NOT NULL,
  `rating` int(11) NOT NULL CHECK (`rating` >= 1 and `rating` <= 5),
  `comment` text DEFAULT NULL,
  `created_at` timestamp NOT NULL DEFAULT current_timestamp(),
  `updated_at` timestamp NOT NULL DEFAULT current_timestamp() ON UPDATE current_timestamp()
) ENGINE=InnoDB DEFAULT CHARSET=utf8mb4 COLLATE=utf8mb4_general_ci;

--
-- Dumping data for table `recipe_reviews`
--

INSERT INTO `recipe_reviews` (`id`, `recipe_id`, `user_id`, `rating`, `comment`, `created_at`, `updated_at`) VALUES
(1, 50, 7, 5, 'แซ่บอยู่เด้อ้าย', '2026-03-03 08:17:51', '2026-03-03 08:17:51');

-- --------------------------------------------------------

--
-- Stand-in structure for view `recipe_safe_tags`
-- (See below for the actual view)
--
CREATE TABLE `recipe_safe_tags` (
`recipe_id` int(11)
,`title` varchar(200)
,`calories` int(11)
,`image` varchar(255)
,`safe_for_conditions` mediumtext
,`contains_allergens` mediumtext
);

-- --------------------------------------------------------

--
-- Table structure for table `recipe_tags`
--

CREATE TABLE `recipe_tags` (
  `id` int(11) NOT NULL,
  `recipe_id` int(11) NOT NULL,
  `tag_id` int(11) NOT NULL,
  `is_safe` tinyint(1) DEFAULT 1 COMMENT '1=ปลอดภัย, 0=ไม่ปลอดภัย/มีส่วนผสม',
  `created_at` timestamp NOT NULL DEFAULT current_timestamp()
) ENGINE=InnoDB DEFAULT CHARSET=utf8mb4 COLLATE=utf8mb4_general_ci;

--
-- Dumping data for table `recipe_tags`
--

INSERT INTO `recipe_tags` (`id`, `recipe_id`, `tag_id`, `is_safe`, `created_at`) VALUES
(1, 1, 1, 1, '2026-02-26 09:43:08'),
(2, 1, 2, 0, '2026-02-26 09:43:08'),
(3, 1, 38, 0, '2026-02-26 09:43:08'),
(4, 2, 1, 1, '2026-02-26 09:43:08'),
(5, 2, 5, 0, '2026-02-26 09:43:08'),
(6, 2, 28, 0, '2026-02-26 09:43:08'),
(7, 3, 1, 1, '2026-02-26 09:43:08'),
(8, 3, 2, 1, '2026-02-26 09:43:08'),
(9, 3, 3, 1, '2026-02-26 09:43:08'),
(10, 3, 4, 1, '2026-02-26 09:43:08'),
(11, 1, 7, 1, '2026-03-03 08:04:06'),
(12, 1, 8, 1, '2026-03-03 08:04:06'),
(13, 1, 9, 1, '2026-03-03 08:04:06'),
(14, 1, 14, 1, '2026-03-03 08:04:06'),
(15, 1, 15, 1, '2026-03-03 08:04:06'),
(16, 1, 20, 1, '2026-03-03 08:04:06'),
(17, 2, 7, 1, '2026-03-03 08:04:06'),
(18, 2, 8, 1, '2026-03-03 08:04:06'),
(19, 2, 9, 1, '2026-03-03 08:04:06'),
(20, 2, 14, 1, '2026-03-03 08:04:06'),
(21, 2, 15, 1, '2026-03-03 08:04:06'),
(22, 2, 20, 1, '2026-03-03 08:04:06'),
(23, 3, 6, 1, '2026-03-03 08:04:06'),
(24, 3, 12, 1, '2026-03-03 08:04:06'),
(25, 3, 13, 1, '2026-03-03 08:04:06'),
(26, 3, 16, 1, '2026-03-03 08:04:06'),
(27, 3, 20, 1, '2026-03-03 08:04:06'),
(28, 3, 36, 1, '2026-03-03 08:04:06'),
(29, 4, 1, 1, '2026-03-03 08:04:06'),
(30, 4, 2, 1, '2026-03-03 08:04:06'),
(31, 4, 3, 1, '2026-03-03 08:04:06'),
(32, 4, 4, 1, '2026-03-03 08:04:06'),
(33, 4, 5, 1, '2026-03-03 08:04:06'),
(34, 4, 6, 1, '2026-03-03 08:04:06'),
(35, 4, 11, 1, '2026-03-03 08:04:06'),
(36, 4, 12, 1, '2026-03-03 08:04:06'),
(37, 4, 16, 1, '2026-03-03 08:04:06'),
(38, 4, 17, 1, '2026-03-03 08:04:06'),
(39, 4, 20, 1, '2026-03-03 08:04:06'),
(40, 4, 27, 1, '2026-03-03 08:04:06'),
(41, 5, 1, 1, '2026-03-03 08:04:06'),
(42, 5, 9, 1, '2026-03-03 08:04:06'),
(43, 5, 11, 1, '2026-03-03 08:04:06'),
(44, 5, 13, 1, '2026-03-03 08:04:06'),
(45, 5, 17, 1, '2026-03-03 08:04:06'),
(46, 5, 20, 1, '2026-03-03 08:04:06'),
(47, 5, 27, 1, '2026-03-03 08:04:06'),
(48, 5, 32, 1, '2026-03-03 08:04:06'),
(49, 6, 1, 1, '2026-03-03 08:04:06'),
(50, 6, 2, 1, '2026-03-03 08:04:06'),
(51, 6, 3, 1, '2026-03-03 08:04:06'),
(52, 6, 4, 1, '2026-03-03 08:04:06'),
(53, 6, 6, 1, '2026-03-03 08:04:06'),
(54, 6, 7, 1, '2026-03-03 08:04:06'),
(55, 6, 8, 1, '2026-03-03 08:04:06'),
(56, 6, 14, 1, '2026-03-03 08:04:06'),
(57, 6, 15, 1, '2026-03-03 08:04:06'),
(58, 6, 16, 1, '2026-03-03 08:04:06'),
(59, 6, 20, 1, '2026-03-03 08:04:06'),
(60, 6, 21, 1, '2026-03-03 08:04:06'),
(61, 6, 28, 1, '2026-03-03 08:04:06'),
(62, 6, 39, 1, '2026-03-03 08:04:06'),
(63, 7, 1, 1, '2026-03-03 08:04:06'),
(64, 7, 2, 1, '2026-03-03 08:04:06'),
(65, 7, 3, 1, '2026-03-03 08:04:06'),
(66, 7, 4, 1, '2026-03-03 08:04:06'),
(67, 7, 6, 1, '2026-03-03 08:04:06'),
(68, 7, 9, 1, '2026-03-03 08:04:06'),
(69, 7, 11, 1, '2026-03-03 08:04:06'),
(70, 7, 12, 1, '2026-03-03 08:04:06'),
(71, 7, 13, 1, '2026-03-03 08:04:06'),
(72, 7, 16, 1, '2026-03-03 08:04:06'),
(73, 7, 17, 1, '2026-03-03 08:04:06'),
(74, 7, 20, 1, '2026-03-03 08:04:06'),
(75, 7, 22, 1, '2026-03-03 08:04:06'),
(76, 7, 25, 1, '2026-03-03 08:04:06'),
(77, 7, 38, 1, '2026-03-03 08:04:06'),
(78, 8, 1, 1, '2026-03-03 08:04:06'),
(79, 8, 7, 1, '2026-03-03 08:04:06'),
(80, 8, 8, 1, '2026-03-03 08:04:06'),
(81, 8, 11, 1, '2026-03-03 08:04:06'),
(82, 8, 12, 1, '2026-03-03 08:04:06'),
(83, 8, 14, 1, '2026-03-03 08:04:06'),
(84, 8, 15, 1, '2026-03-03 08:04:06'),
(85, 8, 17, 1, '2026-03-03 08:04:06'),
(86, 8, 20, 1, '2026-03-03 08:04:06'),
(87, 8, 22, 1, '2026-03-03 08:04:06'),
(88, 8, 38, 1, '2026-03-03 08:04:06'),
(89, 9, 1, 1, '2026-03-03 08:04:06'),
(90, 9, 2, 1, '2026-03-03 08:04:06'),
(91, 9, 3, 1, '2026-03-03 08:04:06'),
(92, 9, 4, 1, '2026-03-03 08:04:06'),
(93, 9, 6, 1, '2026-03-03 08:04:06'),
(94, 9, 7, 1, '2026-03-03 08:04:06'),
(95, 9, 8, 1, '2026-03-03 08:04:06'),
(96, 9, 11, 1, '2026-03-03 08:04:06'),
(97, 9, 12, 1, '2026-03-03 08:04:06'),
(98, 9, 14, 1, '2026-03-03 08:04:06'),
(99, 9, 15, 1, '2026-03-03 08:04:06'),
(100, 9, 16, 1, '2026-03-03 08:04:06'),
(101, 9, 17, 1, '2026-03-03 08:04:06'),
(102, 9, 20, 1, '2026-03-03 08:04:06'),
(103, 9, 21, 1, '2026-03-03 08:04:06'),
(104, 9, 25, 1, '2026-03-03 08:04:06'),
(105, 9, 27, 1, '2026-03-03 08:04:06'),
(106, 10, 1, 1, '2026-03-03 08:04:06'),
(107, 10, 2, 1, '2026-03-03 08:04:06'),
(108, 10, 3, 1, '2026-03-03 08:04:06'),
(109, 10, 4, 1, '2026-03-03 08:04:06'),
(110, 10, 5, 1, '2026-03-03 08:04:06'),
(111, 10, 6, 1, '2026-03-03 08:04:06'),
(112, 10, 11, 1, '2026-03-03 08:04:06'),
(113, 10, 13, 1, '2026-03-03 08:04:06'),
(114, 10, 16, 1, '2026-03-03 08:04:06'),
(115, 10, 17, 1, '2026-03-03 08:04:06'),
(116, 10, 20, 1, '2026-03-03 08:04:06'),
(117, 10, 27, 1, '2026-03-03 08:04:06'),
(118, 11, 1, 1, '2026-03-03 08:04:06'),
(119, 11, 2, 1, '2026-03-03 08:04:06'),
(120, 11, 3, 1, '2026-03-03 08:04:06'),
(121, 11, 4, 1, '2026-03-03 08:04:06'),
(122, 11, 6, 1, '2026-03-03 08:04:06'),
(123, 11, 7, 1, '2026-03-03 08:04:06'),
(124, 11, 8, 1, '2026-03-03 08:04:06'),
(125, 11, 13, 1, '2026-03-03 08:04:06'),
(126, 11, 14, 1, '2026-03-03 08:04:06'),
(127, 11, 15, 1, '2026-03-03 08:04:06'),
(128, 11, 16, 1, '2026-03-03 08:04:06'),
(129, 11, 20, 1, '2026-03-03 08:04:06'),
(130, 11, 21, 1, '2026-03-03 08:04:06'),
(131, 11, 28, 1, '2026-03-03 08:04:06'),
(132, 11, 30, 1, '2026-03-03 08:04:06'),
(133, 12, 1, 1, '2026-03-03 08:04:06'),
(134, 12, 9, 1, '2026-03-03 08:04:06'),
(135, 12, 11, 1, '2026-03-03 08:04:06'),
(136, 12, 13, 1, '2026-03-03 08:04:06'),
(137, 12, 17, 1, '2026-03-03 08:04:06'),
(138, 12, 20, 1, '2026-03-03 08:04:06'),
(139, 12, 21, 1, '2026-03-03 08:04:06'),
(140, 12, 26, 1, '2026-03-03 08:04:06'),
(141, 12, 27, 1, '2026-03-03 08:04:06'),
(142, 13, 11, 1, '2026-03-03 08:04:06'),
(143, 13, 12, 1, '2026-03-03 08:04:06'),
(144, 13, 17, 1, '2026-03-03 08:04:06'),
(145, 13, 20, 1, '2026-03-03 08:04:06'),
(146, 13, 22, 1, '2026-03-03 08:04:06'),
(147, 14, 1, 1, '2026-03-03 08:04:06'),
(148, 14, 7, 1, '2026-03-03 08:04:06'),
(149, 14, 8, 1, '2026-03-03 08:04:06'),
(150, 14, 9, 1, '2026-03-03 08:04:06'),
(151, 14, 11, 1, '2026-03-03 08:04:06'),
(152, 14, 13, 1, '2026-03-03 08:04:06'),
(153, 14, 14, 1, '2026-03-03 08:04:06'),
(154, 14, 15, 1, '2026-03-03 08:04:06'),
(155, 14, 17, 1, '2026-03-03 08:04:06'),
(156, 14, 20, 1, '2026-03-03 08:04:06'),
(157, 14, 25, 1, '2026-03-03 08:04:06'),
(158, 14, 26, 1, '2026-03-03 08:04:06'),
(159, 15, 1, 1, '2026-03-03 08:04:06'),
(160, 15, 2, 1, '2026-03-03 08:04:06'),
(161, 15, 3, 1, '2026-03-03 08:04:06'),
(162, 15, 4, 1, '2026-03-03 08:04:06'),
(163, 15, 6, 1, '2026-03-03 08:04:06'),
(164, 15, 7, 1, '2026-03-03 08:04:06'),
(165, 15, 8, 1, '2026-03-03 08:04:06'),
(166, 15, 11, 1, '2026-03-03 08:04:06'),
(167, 15, 13, 1, '2026-03-03 08:04:06'),
(168, 15, 14, 1, '2026-03-03 08:04:06'),
(169, 15, 15, 1, '2026-03-03 08:04:06'),
(170, 15, 16, 1, '2026-03-03 08:04:06'),
(171, 15, 17, 1, '2026-03-03 08:04:06'),
(172, 15, 20, 1, '2026-03-03 08:04:06'),
(173, 15, 25, 1, '2026-03-03 08:04:06'),
(174, 15, 28, 1, '2026-03-03 08:04:06'),
(175, 15, 30, 1, '2026-03-03 08:04:06'),
(176, 16, 1, 1, '2026-03-03 08:04:06'),
(177, 16, 2, 1, '2026-03-03 08:04:06'),
(178, 16, 3, 1, '2026-03-03 08:04:06'),
(179, 16, 4, 1, '2026-03-03 08:04:06'),
(180, 16, 6, 1, '2026-03-03 08:04:06'),
(181, 16, 9, 1, '2026-03-03 08:04:06'),
(182, 16, 11, 1, '2026-03-03 08:04:06'),
(183, 16, 12, 1, '2026-03-03 08:04:06'),
(184, 16, 16, 1, '2026-03-03 08:04:06'),
(185, 16, 17, 1, '2026-03-03 08:04:06'),
(186, 16, 20, 1, '2026-03-03 08:04:06'),
(187, 16, 22, 1, '2026-03-03 08:04:06'),
(188, 17, 1, 1, '2026-03-03 08:04:06'),
(189, 17, 7, 1, '2026-03-03 08:04:06'),
(190, 17, 8, 1, '2026-03-03 08:04:06'),
(191, 17, 9, 1, '2026-03-03 08:04:06'),
(192, 17, 11, 1, '2026-03-03 08:04:06'),
(193, 17, 13, 1, '2026-03-03 08:04:06'),
(194, 17, 14, 1, '2026-03-03 08:04:06'),
(195, 17, 15, 1, '2026-03-03 08:04:06'),
(196, 17, 17, 1, '2026-03-03 08:04:06'),
(197, 17, 20, 1, '2026-03-03 08:04:06'),
(198, 17, 25, 1, '2026-03-03 08:04:06'),
(199, 17, 26, 1, '2026-03-03 08:04:06'),
(200, 18, 1, 1, '2026-03-03 08:04:06'),
(201, 18, 2, 1, '2026-03-03 08:04:06'),
(202, 18, 3, 1, '2026-03-03 08:04:06'),
(203, 18, 4, 1, '2026-03-03 08:04:06'),
(204, 18, 6, 1, '2026-03-03 08:04:06'),
(205, 18, 7, 1, '2026-03-03 08:04:06'),
(206, 18, 8, 1, '2026-03-03 08:04:06'),
(207, 18, 11, 1, '2026-03-03 08:04:06'),
(208, 18, 13, 1, '2026-03-03 08:04:06'),
(209, 18, 14, 1, '2026-03-03 08:04:06'),
(210, 18, 15, 1, '2026-03-03 08:04:06'),
(211, 18, 16, 1, '2026-03-03 08:04:06'),
(212, 18, 17, 1, '2026-03-03 08:04:06'),
(213, 18, 20, 1, '2026-03-03 08:04:06'),
(214, 18, 25, 1, '2026-03-03 08:04:06'),
(215, 19, 1, 1, '2026-03-03 08:04:06'),
(216, 19, 2, 1, '2026-03-03 08:04:06'),
(217, 19, 3, 1, '2026-03-03 08:04:06'),
(218, 19, 4, 1, '2026-03-03 08:04:06'),
(219, 19, 6, 1, '2026-03-03 08:04:06'),
(220, 19, 7, 1, '2026-03-03 08:04:06'),
(221, 19, 8, 1, '2026-03-03 08:04:06'),
(222, 19, 11, 1, '2026-03-03 08:04:06'),
(223, 19, 13, 1, '2026-03-03 08:04:06'),
(224, 19, 14, 1, '2026-03-03 08:04:06'),
(225, 19, 15, 1, '2026-03-03 08:04:06'),
(226, 19, 16, 1, '2026-03-03 08:04:06'),
(227, 19, 17, 1, '2026-03-03 08:04:06'),
(228, 19, 20, 1, '2026-03-03 08:04:06'),
(229, 19, 25, 1, '2026-03-03 08:04:06'),
(230, 20, 1, 1, '2026-03-03 08:04:06'),
(231, 20, 2, 1, '2026-03-03 08:04:06'),
(232, 20, 3, 1, '2026-03-03 08:04:06'),
(233, 20, 4, 1, '2026-03-03 08:04:06'),
(234, 20, 6, 1, '2026-03-03 08:04:06'),
(235, 20, 11, 1, '2026-03-03 08:04:06'),
(236, 20, 13, 1, '2026-03-03 08:04:06'),
(237, 20, 16, 1, '2026-03-03 08:04:06'),
(238, 20, 17, 1, '2026-03-03 08:04:06'),
(239, 20, 20, 1, '2026-03-03 08:04:06'),
(240, 20, 27, 1, '2026-03-03 08:04:06'),
(241, 20, 36, 1, '2026-03-03 08:04:06'),
(242, 21, 1, 1, '2026-03-03 08:04:06'),
(243, 21, 2, 1, '2026-03-03 08:04:06'),
(244, 21, 3, 1, '2026-03-03 08:04:06'),
(245, 21, 4, 1, '2026-03-03 08:04:06'),
(246, 21, 6, 1, '2026-03-03 08:04:06'),
(247, 21, 7, 1, '2026-03-03 08:04:06'),
(248, 21, 8, 1, '2026-03-03 08:04:06'),
(249, 21, 11, 1, '2026-03-03 08:04:06'),
(250, 21, 12, 1, '2026-03-03 08:04:06'),
(251, 21, 14, 1, '2026-03-03 08:04:06'),
(252, 21, 15, 1, '2026-03-03 08:04:06'),
(253, 21, 16, 1, '2026-03-03 08:04:06'),
(254, 21, 17, 1, '2026-03-03 08:04:06'),
(255, 21, 20, 1, '2026-03-03 08:04:06'),
(256, 21, 21, 1, '2026-03-03 08:04:06'),
(257, 21, 22, 1, '2026-03-03 08:04:06'),
(258, 21, 25, 1, '2026-03-03 08:04:06'),
(259, 22, 1, 1, '2026-03-03 08:04:06'),
(260, 22, 2, 1, '2026-03-03 08:04:06'),
(261, 22, 3, 1, '2026-03-03 08:04:06'),
(262, 22, 4, 1, '2026-03-03 08:04:06'),
(263, 22, 6, 1, '2026-03-03 08:04:06'),
(264, 22, 12, 1, '2026-03-03 08:04:06'),
(265, 22, 16, 1, '2026-03-03 08:04:06'),
(266, 22, 20, 1, '2026-03-03 08:04:06'),
(267, 22, 24, 1, '2026-03-03 08:04:06'),
(268, 22, 28, 1, '2026-03-03 08:04:06'),
(269, 22, 33, 1, '2026-03-03 08:04:06'),
(270, 23, 2, 1, '2026-03-03 08:04:06'),
(271, 23, 3, 1, '2026-03-03 08:04:06'),
(272, 23, 4, 1, '2026-03-03 08:04:06'),
(273, 23, 6, 1, '2026-03-03 08:04:06'),
(274, 23, 7, 1, '2026-03-03 08:04:06'),
(275, 23, 8, 1, '2026-03-03 08:04:06'),
(276, 23, 12, 1, '2026-03-03 08:04:06'),
(277, 23, 13, 1, '2026-03-03 08:04:06'),
(278, 23, 14, 1, '2026-03-03 08:04:06'),
(279, 23, 15, 1, '2026-03-03 08:04:06'),
(280, 23, 16, 1, '2026-03-03 08:04:06'),
(281, 23, 20, 1, '2026-03-03 08:04:06'),
(282, 23, 26, 1, '2026-03-03 08:04:06'),
(283, 24, 1, 1, '2026-03-03 08:04:06'),
(284, 24, 2, 1, '2026-03-03 08:04:06'),
(285, 24, 3, 1, '2026-03-03 08:04:06'),
(286, 24, 4, 1, '2026-03-03 08:04:06'),
(287, 24, 6, 1, '2026-03-03 08:04:06'),
(288, 24, 11, 1, '2026-03-03 08:04:06'),
(289, 24, 12, 1, '2026-03-03 08:04:06'),
(290, 24, 13, 1, '2026-03-03 08:04:06'),
(291, 24, 16, 1, '2026-03-03 08:04:06'),
(292, 24, 17, 1, '2026-03-03 08:04:06'),
(293, 24, 20, 1, '2026-03-03 08:04:06'),
(294, 24, 27, 1, '2026-03-03 08:04:06'),
(295, 24, 36, 1, '2026-03-03 08:04:06'),
(296, 24, 38, 1, '2026-03-03 08:04:06'),
(297, 25, 1, 1, '2026-03-03 08:04:06'),
(298, 25, 2, 1, '2026-03-03 08:04:06'),
(299, 25, 3, 1, '2026-03-03 08:04:06'),
(300, 25, 4, 1, '2026-03-03 08:04:06'),
(301, 25, 6, 1, '2026-03-03 08:04:06'),
(302, 25, 11, 1, '2026-03-03 08:04:06'),
(303, 25, 12, 1, '2026-03-03 08:04:06'),
(304, 25, 13, 1, '2026-03-03 08:04:06'),
(305, 25, 16, 1, '2026-03-03 08:04:06'),
(306, 25, 17, 1, '2026-03-03 08:04:06'),
(307, 25, 20, 1, '2026-03-03 08:04:06'),
(308, 25, 25, 1, '2026-03-03 08:04:06'),
(309, 25, 28, 1, '2026-03-03 08:04:06'),
(310, 26, 7, 1, '2026-03-03 08:04:06'),
(311, 26, 8, 1, '2026-03-03 08:04:06'),
(312, 26, 9, 1, '2026-03-03 08:04:06'),
(313, 26, 11, 1, '2026-03-03 08:04:06'),
(314, 26, 12, 1, '2026-03-03 08:04:06'),
(315, 26, 14, 1, '2026-03-03 08:04:06'),
(316, 26, 15, 1, '2026-03-03 08:04:06'),
(317, 26, 17, 1, '2026-03-03 08:04:06'),
(318, 26, 21, 1, '2026-03-03 08:04:06'),
(319, 26, 25, 1, '2026-03-03 08:04:06'),
(320, 26, 26, 1, '2026-03-03 08:04:06'),
(321, 27, 1, 1, '2026-03-03 08:04:06'),
(322, 27, 11, 1, '2026-03-03 08:04:06'),
(323, 27, 13, 1, '2026-03-03 08:04:06'),
(324, 27, 17, 1, '2026-03-03 08:04:06'),
(325, 27, 20, 1, '2026-03-03 08:04:06'),
(326, 27, 21, 1, '2026-03-03 08:04:06'),
(327, 27, 25, 1, '2026-03-03 08:04:06'),
(328, 27, 28, 1, '2026-03-03 08:04:06'),
(329, 28, 1, 1, '2026-03-03 08:04:06'),
(330, 28, 2, 1, '2026-03-03 08:04:06'),
(331, 28, 3, 1, '2026-03-03 08:04:06'),
(332, 28, 4, 1, '2026-03-03 08:04:06'),
(333, 28, 6, 1, '2026-03-03 08:04:06'),
(334, 28, 11, 1, '2026-03-03 08:04:06'),
(335, 28, 12, 1, '2026-03-03 08:04:06'),
(336, 28, 13, 1, '2026-03-03 08:04:06'),
(337, 28, 16, 1, '2026-03-03 08:04:06'),
(338, 28, 17, 1, '2026-03-03 08:04:06'),
(339, 28, 20, 1, '2026-03-03 08:04:06'),
(340, 28, 27, 1, '2026-03-03 08:04:06'),
(341, 28, 36, 1, '2026-03-03 08:04:06'),
(342, 29, 7, 1, '2026-03-03 08:04:06'),
(343, 29, 8, 1, '2026-03-03 08:04:06'),
(344, 29, 9, 1, '2026-03-03 08:04:06'),
(345, 29, 11, 1, '2026-03-03 08:04:06'),
(346, 29, 12, 1, '2026-03-03 08:04:06'),
(347, 29, 13, 1, '2026-03-03 08:04:06'),
(348, 29, 14, 1, '2026-03-03 08:04:06'),
(349, 29, 15, 1, '2026-03-03 08:04:06'),
(350, 29, 17, 1, '2026-03-03 08:04:06'),
(351, 29, 20, 1, '2026-03-03 08:04:06'),
(352, 29, 22, 1, '2026-03-03 08:04:06'),
(353, 29, 24, 1, '2026-03-03 08:04:06'),
(354, 29, 25, 1, '2026-03-03 08:04:06'),
(355, 29, 30, 1, '2026-03-03 08:04:06'),
(356, 29, 33, 1, '2026-03-03 08:04:06'),
(357, 30, 1, 1, '2026-03-03 08:04:06'),
(358, 30, 2, 1, '2026-03-03 08:04:06'),
(359, 30, 3, 1, '2026-03-03 08:04:06'),
(360, 30, 4, 1, '2026-03-03 08:04:06'),
(361, 30, 6, 1, '2026-03-03 08:04:06'),
(362, 30, 11, 1, '2026-03-03 08:04:06'),
(363, 30, 13, 1, '2026-03-03 08:04:06'),
(364, 30, 16, 1, '2026-03-03 08:04:06'),
(365, 30, 17, 1, '2026-03-03 08:04:06'),
(366, 30, 20, 1, '2026-03-03 08:04:06'),
(367, 30, 27, 1, '2026-03-03 08:04:06'),
(368, 30, 28, 1, '2026-03-03 08:04:06'),
(369, 31, 1, 1, '2026-03-03 08:04:06'),
(370, 31, 2, 1, '2026-03-03 08:04:06'),
(371, 31, 3, 1, '2026-03-03 08:04:06'),
(372, 31, 4, 1, '2026-03-03 08:04:06'),
(373, 31, 6, 1, '2026-03-03 08:04:06'),
(374, 31, 11, 1, '2026-03-03 08:04:06'),
(375, 31, 13, 1, '2026-03-03 08:04:06'),
(376, 31, 16, 1, '2026-03-03 08:04:06'),
(377, 31, 17, 1, '2026-03-03 08:04:06'),
(378, 31, 20, 1, '2026-03-03 08:04:06'),
(379, 31, 27, 1, '2026-03-03 08:04:06'),
(380, 32, 1, 1, '2026-03-03 08:04:06'),
(381, 32, 2, 1, '2026-03-03 08:04:06'),
(382, 32, 3, 1, '2026-03-03 08:04:06'),
(383, 32, 4, 1, '2026-03-03 08:04:06'),
(384, 32, 6, 1, '2026-03-03 08:04:06'),
(385, 32, 7, 1, '2026-03-03 08:04:06'),
(386, 32, 8, 1, '2026-03-03 08:04:06'),
(387, 32, 13, 1, '2026-03-03 08:04:06'),
(388, 32, 14, 1, '2026-03-03 08:04:06'),
(389, 32, 15, 1, '2026-03-03 08:04:06'),
(390, 32, 16, 1, '2026-03-03 08:04:06'),
(391, 32, 20, 1, '2026-03-03 08:04:06'),
(392, 32, 37, 1, '2026-03-03 08:04:06'),
(393, 33, 1, 1, '2026-03-03 08:04:06'),
(394, 33, 2, 1, '2026-03-03 08:04:06'),
(395, 33, 3, 1, '2026-03-03 08:04:06'),
(396, 33, 4, 1, '2026-03-03 08:04:06'),
(397, 33, 6, 1, '2026-03-03 08:04:06'),
(398, 33, 16, 1, '2026-03-03 08:04:06'),
(399, 33, 20, 1, '2026-03-03 08:04:06'),
(400, 33, 21, 1, '2026-03-03 08:04:06'),
(401, 33, 28, 1, '2026-03-03 08:04:06'),
(402, 34, 1, 1, '2026-03-03 08:04:06'),
(403, 34, 2, 1, '2026-03-03 08:04:06'),
(404, 34, 3, 1, '2026-03-03 08:04:06'),
(405, 34, 4, 1, '2026-03-03 08:04:06'),
(406, 34, 6, 1, '2026-03-03 08:04:06'),
(407, 34, 11, 1, '2026-03-03 08:04:06'),
(408, 34, 13, 1, '2026-03-03 08:04:06'),
(409, 34, 16, 1, '2026-03-03 08:04:06'),
(410, 34, 17, 1, '2026-03-03 08:04:06'),
(411, 34, 20, 1, '2026-03-03 08:04:06'),
(412, 34, 27, 1, '2026-03-03 08:04:06'),
(413, 34, 36, 1, '2026-03-03 08:04:06'),
(414, 35, 1, 1, '2026-03-03 08:04:06'),
(415, 35, 2, 1, '2026-03-03 08:04:06'),
(416, 35, 3, 1, '2026-03-03 08:04:06'),
(417, 35, 4, 1, '2026-03-03 08:04:06'),
(418, 35, 6, 1, '2026-03-03 08:04:06'),
(419, 35, 11, 1, '2026-03-03 08:04:06'),
(420, 35, 12, 1, '2026-03-03 08:04:06'),
(421, 35, 16, 1, '2026-03-03 08:04:06'),
(422, 35, 17, 1, '2026-03-03 08:04:06'),
(423, 35, 20, 1, '2026-03-03 08:04:06'),
(424, 35, 21, 1, '2026-03-03 08:04:06'),
(425, 35, 27, 1, '2026-03-03 08:04:06'),
(426, 36, 1, 1, '2026-03-03 08:04:06'),
(427, 36, 2, 1, '2026-03-03 08:04:06'),
(428, 36, 3, 1, '2026-03-03 08:04:06'),
(429, 36, 4, 1, '2026-03-03 08:04:06'),
(430, 36, 6, 1, '2026-03-03 08:04:06'),
(431, 36, 7, 1, '2026-03-03 08:04:06'),
(432, 36, 8, 1, '2026-03-03 08:04:06'),
(433, 36, 13, 1, '2026-03-03 08:04:06'),
(434, 36, 14, 1, '2026-03-03 08:04:06'),
(435, 36, 15, 1, '2026-03-03 08:04:06'),
(436, 36, 16, 1, '2026-03-03 08:04:06'),
(437, 36, 20, 1, '2026-03-03 08:04:06'),
(438, 36, 37, 1, '2026-03-03 08:04:06'),
(439, 37, 1, 1, '2026-03-03 08:04:06'),
(440, 37, 2, 1, '2026-03-03 08:04:06'),
(441, 37, 3, 1, '2026-03-03 08:04:06'),
(442, 37, 4, 1, '2026-03-03 08:04:06'),
(443, 37, 6, 1, '2026-03-03 08:04:06'),
(444, 37, 11, 1, '2026-03-03 08:04:06'),
(445, 37, 13, 1, '2026-03-03 08:04:06'),
(446, 37, 16, 1, '2026-03-03 08:04:06'),
(447, 37, 17, 1, '2026-03-03 08:04:06'),
(448, 37, 20, 1, '2026-03-03 08:04:06'),
(449, 37, 27, 1, '2026-03-03 08:04:06'),
(450, 37, 36, 1, '2026-03-03 08:04:06'),
(451, 38, 1, 1, '2026-03-03 08:04:06'),
(452, 38, 7, 1, '2026-03-03 08:04:06'),
(453, 38, 8, 1, '2026-03-03 08:04:06'),
(454, 38, 11, 1, '2026-03-03 08:04:06'),
(455, 38, 12, 1, '2026-03-03 08:04:06'),
(456, 38, 13, 1, '2026-03-03 08:04:06'),
(457, 38, 14, 1, '2026-03-03 08:04:06'),
(458, 38, 15, 1, '2026-03-03 08:04:06'),
(459, 38, 17, 1, '2026-03-03 08:04:06'),
(460, 38, 20, 1, '2026-03-03 08:04:06'),
(461, 38, 22, 1, '2026-03-03 08:04:06'),
(462, 38, 25, 1, '2026-03-03 08:04:06'),
(463, 38, 28, 1, '2026-03-03 08:04:06'),
(464, 38, 30, 1, '2026-03-03 08:04:06'),
(465, 39, 1, 1, '2026-03-03 08:04:06'),
(466, 39, 2, 1, '2026-03-03 08:04:06'),
(467, 39, 3, 1, '2026-03-03 08:04:06'),
(468, 39, 4, 1, '2026-03-03 08:04:06'),
(469, 39, 6, 1, '2026-03-03 08:04:06'),
(470, 39, 7, 1, '2026-03-03 08:04:06'),
(471, 39, 8, 1, '2026-03-03 08:04:06'),
(472, 39, 11, 1, '2026-03-03 08:04:06'),
(473, 39, 12, 1, '2026-03-03 08:04:06'),
(474, 39, 13, 1, '2026-03-03 08:04:06'),
(475, 39, 14, 1, '2026-03-03 08:04:06'),
(476, 39, 15, 1, '2026-03-03 08:04:06'),
(477, 39, 16, 1, '2026-03-03 08:04:06'),
(478, 39, 17, 1, '2026-03-03 08:04:06'),
(479, 39, 20, 1, '2026-03-03 08:04:06'),
(480, 39, 22, 1, '2026-03-03 08:04:06'),
(481, 39, 25, 1, '2026-03-03 08:04:06'),
(482, 40, 1, 1, '2026-03-03 08:04:06'),
(483, 40, 2, 1, '2026-03-03 08:04:06'),
(484, 40, 3, 1, '2026-03-03 08:04:06'),
(485, 40, 4, 1, '2026-03-03 08:04:06'),
(486, 40, 6, 1, '2026-03-03 08:04:06'),
(487, 40, 7, 1, '2026-03-03 08:04:06'),
(488, 40, 8, 1, '2026-03-03 08:04:06'),
(489, 40, 11, 1, '2026-03-03 08:04:06'),
(490, 40, 12, 1, '2026-03-03 08:04:06'),
(491, 40, 13, 1, '2026-03-03 08:04:06'),
(492, 40, 14, 1, '2026-03-03 08:04:06'),
(493, 40, 15, 1, '2026-03-03 08:04:06'),
(494, 40, 16, 1, '2026-03-03 08:04:06'),
(495, 40, 17, 1, '2026-03-03 08:04:06'),
(496, 40, 20, 1, '2026-03-03 08:04:06'),
(497, 40, 22, 1, '2026-03-03 08:04:06'),
(498, 40, 30, 1, '2026-03-03 08:04:06'),
(499, 41, 1, 1, '2026-03-03 08:04:06'),
(500, 41, 2, 1, '2026-03-03 08:04:06'),
(501, 41, 3, 1, '2026-03-03 08:04:06'),
(502, 41, 4, 1, '2026-03-03 08:04:06'),
(503, 41, 6, 1, '2026-03-03 08:04:06'),
(504, 41, 11, 1, '2026-03-03 08:04:06'),
(505, 41, 12, 1, '2026-03-03 08:04:06'),
(506, 41, 13, 1, '2026-03-03 08:04:06'),
(507, 41, 16, 1, '2026-03-03 08:04:06'),
(508, 41, 17, 1, '2026-03-03 08:04:06'),
(509, 41, 20, 1, '2026-03-03 08:04:06'),
(510, 41, 27, 1, '2026-03-03 08:04:06'),
(511, 42, 1, 1, '2026-03-03 08:04:06'),
(512, 42, 2, 1, '2026-03-03 08:04:06'),
(513, 42, 3, 1, '2026-03-03 08:04:06'),
(514, 42, 4, 1, '2026-03-03 08:04:06'),
(515, 42, 6, 1, '2026-03-03 08:04:06'),
(516, 42, 11, 1, '2026-03-03 08:04:06'),
(517, 42, 13, 1, '2026-03-03 08:04:06'),
(518, 42, 16, 1, '2026-03-03 08:04:06'),
(519, 42, 17, 1, '2026-03-03 08:04:06'),
(520, 42, 20, 1, '2026-03-03 08:04:06'),
(521, 42, 27, 1, '2026-03-03 08:04:06'),
(522, 42, 28, 1, '2026-03-03 08:04:06'),
(523, 43, 1, 1, '2026-03-03 08:04:06'),
(524, 43, 2, 1, '2026-03-03 08:04:06'),
(525, 43, 3, 1, '2026-03-03 08:04:06'),
(526, 43, 4, 1, '2026-03-03 08:04:06'),
(527, 43, 6, 1, '2026-03-03 08:04:06'),
(528, 43, 12, 1, '2026-03-03 08:04:06'),
(529, 43, 16, 1, '2026-03-03 08:04:06'),
(530, 43, 20, 1, '2026-03-03 08:04:06'),
(531, 43, 21, 1, '2026-03-03 08:04:06'),
(532, 43, 28, 1, '2026-03-03 08:04:06'),
(533, 44, 1, 1, '2026-03-03 08:04:06'),
(534, 44, 2, 1, '2026-03-03 08:04:06'),
(535, 44, 3, 1, '2026-03-03 08:04:06'),
(536, 44, 4, 1, '2026-03-03 08:04:06'),
(537, 44, 6, 1, '2026-03-03 08:04:06'),
(538, 44, 11, 1, '2026-03-03 08:04:06'),
(539, 44, 12, 1, '2026-03-03 08:04:06'),
(540, 44, 16, 1, '2026-03-03 08:04:06'),
(541, 44, 17, 1, '2026-03-03 08:04:06'),
(542, 44, 20, 1, '2026-03-03 08:04:06'),
(543, 44, 23, 1, '2026-03-03 08:04:06'),
(544, 44, 25, 1, '2026-03-03 08:04:06'),
(545, 44, 26, 1, '2026-03-03 08:04:06'),
(546, 45, 1, 1, '2026-03-03 08:04:06'),
(547, 45, 2, 1, '2026-03-03 08:04:06'),
(548, 45, 3, 1, '2026-03-03 08:04:06'),
(549, 45, 4, 1, '2026-03-03 08:04:06'),
(550, 45, 6, 1, '2026-03-03 08:04:06'),
(551, 45, 7, 1, '2026-03-03 08:04:06'),
(552, 45, 8, 1, '2026-03-03 08:04:06'),
(553, 45, 11, 1, '2026-03-03 08:04:06'),
(554, 45, 12, 1, '2026-03-03 08:04:06'),
(555, 45, 13, 1, '2026-03-03 08:04:06'),
(556, 45, 14, 1, '2026-03-03 08:04:06'),
(557, 45, 15, 1, '2026-03-03 08:04:06'),
(558, 45, 16, 1, '2026-03-03 08:04:06'),
(559, 45, 17, 1, '2026-03-03 08:04:06'),
(560, 45, 20, 1, '2026-03-03 08:04:06'),
(561, 45, 22, 1, '2026-03-03 08:04:06'),
(562, 45, 25, 1, '2026-03-03 08:04:06'),
(563, 46, 1, 1, '2026-03-03 08:04:06'),
(564, 46, 2, 1, '2026-03-03 08:04:06'),
(565, 46, 3, 1, '2026-03-03 08:04:06'),
(566, 46, 4, 1, '2026-03-03 08:04:06'),
(567, 46, 6, 1, '2026-03-03 08:04:06'),
(568, 46, 11, 1, '2026-03-03 08:04:06'),
(569, 46, 12, 1, '2026-03-03 08:04:06'),
(570, 46, 13, 1, '2026-03-03 08:04:06'),
(571, 46, 16, 1, '2026-03-03 08:04:06'),
(572, 46, 17, 1, '2026-03-03 08:04:06'),
(573, 46, 20, 1, '2026-03-03 08:04:06'),
(574, 46, 27, 1, '2026-03-03 08:04:06'),
(575, 46, 36, 1, '2026-03-03 08:04:06'),
(576, 47, 2, 1, '2026-03-03 08:04:06'),
(577, 47, 3, 1, '2026-03-03 08:04:06'),
(578, 47, 4, 1, '2026-03-03 08:04:06'),
(579, 47, 6, 1, '2026-03-03 08:04:06'),
(580, 47, 7, 1, '2026-03-03 08:04:06'),
(581, 47, 8, 1, '2026-03-03 08:04:06'),
(582, 47, 11, 1, '2026-03-03 08:04:06'),
(583, 47, 12, 1, '2026-03-03 08:04:06'),
(584, 47, 14, 1, '2026-03-03 08:04:06'),
(585, 47, 15, 1, '2026-03-03 08:04:06'),
(586, 47, 16, 1, '2026-03-03 08:04:06'),
(587, 47, 17, 1, '2026-03-03 08:04:06'),
(588, 47, 20, 1, '2026-03-03 08:04:06'),
(589, 47, 22, 1, '2026-03-03 08:04:06'),
(590, 47, 25, 1, '2026-03-03 08:04:06'),
(591, 47, 26, 1, '2026-03-03 08:04:06'),
(592, 47, 27, 1, '2026-03-03 08:04:06'),
(593, 47, 28, 1, '2026-03-03 08:04:06'),
(594, 48, 1, 1, '2026-03-03 08:04:06'),
(595, 48, 11, 1, '2026-03-03 08:04:06'),
(596, 48, 12, 1, '2026-03-03 08:04:06'),
(597, 48, 13, 1, '2026-03-03 08:04:06'),
(598, 48, 17, 1, '2026-03-03 08:04:06'),
(599, 48, 20, 1, '2026-03-03 08:04:06'),
(600, 48, 22, 1, '2026-03-03 08:04:06'),
(601, 48, 27, 1, '2026-03-03 08:04:06'),
(602, 48, 28, 1, '2026-03-03 08:04:06'),
(603, 49, 1, 1, '2026-03-03 08:04:06'),
(604, 49, 2, 1, '2026-03-03 08:04:06'),
(605, 49, 3, 1, '2026-03-03 08:04:06'),
(606, 49, 4, 1, '2026-03-03 08:04:06'),
(607, 49, 6, 1, '2026-03-03 08:04:06'),
(608, 49, 7, 1, '2026-03-03 08:04:06'),
(609, 49, 8, 1, '2026-03-03 08:04:06'),
(610, 49, 11, 1, '2026-03-03 08:04:06'),
(611, 49, 13, 1, '2026-03-03 08:04:06'),
(612, 49, 14, 1, '2026-03-03 08:04:06'),
(613, 49, 15, 1, '2026-03-03 08:04:06'),
(614, 49, 16, 1, '2026-03-03 08:04:06'),
(615, 49, 17, 1, '2026-03-03 08:04:06'),
(616, 49, 20, 1, '2026-03-03 08:04:06'),
(617, 49, 25, 1, '2026-03-03 08:04:06'),
(618, 50, 1, 1, '2026-03-03 08:04:06'),
(619, 50, 2, 1, '2026-03-03 08:04:06'),
(620, 50, 3, 1, '2026-03-03 08:04:06'),
(621, 50, 4, 1, '2026-03-03 08:04:06'),
(622, 50, 6, 1, '2026-03-03 08:04:06'),
(623, 50, 11, 1, '2026-03-03 08:04:06'),
(624, 50, 12, 1, '2026-03-03 08:04:06'),
(625, 50, 16, 1, '2026-03-03 08:04:06'),
(626, 50, 17, 1, '2026-03-03 08:04:06'),
(627, 50, 20, 1, '2026-03-03 08:04:06'),
(628, 50, 27, 1, '2026-03-03 08:04:06'),
(629, 50, 35, 1, '2026-03-03 08:04:06'),
(630, 50, 38, 1, '2026-03-03 08:04:06'),
(631, 51, 1, 1, '2026-03-03 08:04:06'),
(632, 51, 11, 1, '2026-03-03 08:04:06'),
(633, 51, 12, 1, '2026-03-03 08:04:06'),
(634, 51, 17, 1, '2026-03-03 08:04:06'),
(635, 51, 20, 1, '2026-03-03 08:04:06'),
(636, 51, 27, 1, '2026-03-03 08:04:06'),
(637, 52, 1, 1, '2026-03-03 08:04:06'),
(638, 52, 2, 1, '2026-03-03 08:04:06'),
(639, 52, 3, 1, '2026-03-03 08:04:06'),
(640, 52, 4, 1, '2026-03-03 08:04:06'),
(641, 52, 6, 1, '2026-03-03 08:04:06'),
(642, 52, 11, 1, '2026-03-03 08:04:06'),
(643, 52, 12, 1, '2026-03-03 08:04:06'),
(644, 52, 13, 1, '2026-03-03 08:04:06'),
(645, 52, 16, 1, '2026-03-03 08:04:06'),
(646, 52, 17, 1, '2026-03-03 08:04:06'),
(647, 52, 20, 1, '2026-03-03 08:04:06'),
(648, 52, 27, 1, '2026-03-03 08:04:06'),
(649, 52, 36, 1, '2026-03-03 08:04:06'),
(650, 53, 1, 1, '2026-03-03 08:04:06'),
(651, 53, 2, 1, '2026-03-03 08:04:06'),
(652, 53, 3, 1, '2026-03-03 08:04:06'),
(653, 53, 4, 1, '2026-03-03 08:04:06'),
(654, 53, 6, 1, '2026-03-03 08:04:06'),
(655, 53, 11, 1, '2026-03-03 08:04:06'),
(656, 53, 12, 1, '2026-03-03 08:04:06'),
(657, 53, 16, 1, '2026-03-03 08:04:06'),
(658, 53, 17, 1, '2026-03-03 08:04:06'),
(659, 53, 20, 1, '2026-03-03 08:04:06'),
(660, 53, 24, 1, '2026-03-03 08:04:06'),
(661, 53, 25, 1, '2026-03-03 08:04:06'),
(662, 53, 28, 1, '2026-03-03 08:04:06'),
(663, 53, 33, 1, '2026-03-03 08:04:06'),
(664, 54, 1, 1, '2026-03-03 08:04:06'),
(665, 54, 7, 1, '2026-03-03 08:04:06'),
(666, 54, 8, 1, '2026-03-03 08:04:06'),
(667, 54, 9, 1, '2026-03-03 08:04:06'),
(668, 54, 11, 1, '2026-03-03 08:04:06'),
(669, 54, 12, 1, '2026-03-03 08:04:06'),
(670, 54, 14, 1, '2026-03-03 08:04:06'),
(671, 54, 15, 1, '2026-03-03 08:04:06'),
(672, 54, 17, 1, '2026-03-03 08:04:06'),
(673, 54, 20, 1, '2026-03-03 08:04:06'),
(674, 54, 22, 1, '2026-03-03 08:04:06'),
(675, 54, 25, 1, '2026-03-03 08:04:06'),
(676, 55, 1, 1, '2026-03-03 08:04:06'),
(677, 55, 11, 1, '2026-03-03 08:04:06'),
(678, 55, 12, 1, '2026-03-03 08:04:06'),
(679, 55, 17, 1, '2026-03-03 08:04:06'),
(680, 55, 20, 1, '2026-03-03 08:04:06'),
(681, 55, 22, 1, '2026-03-03 08:04:06'),
(682, 55, 25, 1, '2026-03-03 08:04:06'),
(683, 55, 28, 1, '2026-03-03 08:04:06'),
(684, 56, 1, 1, '2026-03-03 08:04:06'),
(685, 56, 2, 1, '2026-03-03 08:04:06'),
(686, 56, 3, 1, '2026-03-03 08:04:06'),
(687, 56, 4, 1, '2026-03-03 08:04:06'),
(688, 56, 6, 1, '2026-03-03 08:04:06'),
(689, 56, 11, 1, '2026-03-03 08:04:06'),
(690, 56, 13, 1, '2026-03-03 08:04:06'),
(691, 56, 16, 1, '2026-03-03 08:04:06'),
(692, 56, 17, 1, '2026-03-03 08:04:06'),
(693, 56, 20, 1, '2026-03-03 08:04:06'),
(694, 56, 27, 1, '2026-03-03 08:04:06'),
(695, 56, 28, 1, '2026-03-03 08:04:06'),
(696, 57, 1, 1, '2026-03-03 08:04:06'),
(697, 57, 2, 1, '2026-03-03 08:04:06'),
(698, 57, 3, 1, '2026-03-03 08:04:06'),
(699, 57, 4, 1, '2026-03-03 08:04:06'),
(700, 57, 6, 1, '2026-03-03 08:04:06'),
(701, 57, 11, 1, '2026-03-03 08:04:06'),
(702, 57, 13, 1, '2026-03-03 08:04:06'),
(703, 57, 16, 1, '2026-03-03 08:04:06'),
(704, 57, 17, 1, '2026-03-03 08:04:06'),
(705, 57, 20, 1, '2026-03-03 08:04:06'),
(706, 57, 27, 1, '2026-03-03 08:04:06'),
(707, 57, 36, 1, '2026-03-03 08:04:06'),
(708, 58, 1, 1, '2026-03-03 08:04:06'),
(709, 58, 2, 1, '2026-03-03 08:04:06'),
(710, 58, 3, 1, '2026-03-03 08:04:06'),
(711, 58, 4, 1, '2026-03-03 08:04:06'),
(712, 58, 6, 1, '2026-03-03 08:04:06'),
(713, 58, 7, 1, '2026-03-03 08:04:06'),
(714, 58, 8, 1, '2026-03-03 08:04:06'),
(715, 58, 11, 1, '2026-03-03 08:04:06'),
(716, 58, 12, 1, '2026-03-03 08:04:06'),
(717, 58, 13, 1, '2026-03-03 08:04:06'),
(718, 58, 14, 1, '2026-03-03 08:04:06'),
(719, 58, 15, 1, '2026-03-03 08:04:06'),
(720, 58, 16, 1, '2026-03-03 08:04:06'),
(721, 58, 17, 1, '2026-03-03 08:04:06'),
(722, 58, 20, 1, '2026-03-03 08:04:06'),
(723, 58, 21, 1, '2026-03-03 08:04:06'),
(724, 58, 22, 1, '2026-03-03 08:04:06'),
(725, 58, 25, 1, '2026-03-03 08:04:06'),
(726, 58, 28, 1, '2026-03-03 08:04:06'),
(727, 58, 30, 1, '2026-03-03 08:04:06'),
(728, 59, 1, 1, '2026-03-03 08:04:06'),
(729, 59, 2, 1, '2026-03-03 08:04:06'),
(730, 59, 3, 1, '2026-03-03 08:04:06'),
(731, 59, 4, 1, '2026-03-03 08:04:06'),
(732, 59, 6, 1, '2026-03-03 08:04:06'),
(733, 59, 11, 1, '2026-03-03 08:04:06'),
(734, 59, 13, 1, '2026-03-03 08:04:06'),
(735, 59, 16, 1, '2026-03-03 08:04:06'),
(736, 59, 17, 1, '2026-03-03 08:04:06'),
(737, 59, 20, 1, '2026-03-03 08:04:06'),
(738, 59, 27, 1, '2026-03-03 08:04:06'),
(739, 59, 36, 1, '2026-03-03 08:04:06'),
(740, 60, 1, 1, '2026-03-03 08:04:06'),
(741, 60, 2, 1, '2026-03-03 08:04:06'),
(742, 60, 3, 1, '2026-03-03 08:04:06'),
(743, 60, 4, 1, '2026-03-03 08:04:06'),
(744, 60, 6, 1, '2026-03-03 08:04:06'),
(745, 60, 16, 1, '2026-03-03 08:04:06'),
(746, 60, 20, 1, '2026-03-03 08:04:06'),
(747, 60, 21, 1, '2026-03-03 08:04:06'),
(748, 60, 26, 1, '2026-03-03 08:04:06'),
(749, 61, 1, 1, '2026-03-03 08:04:06'),
(750, 61, 2, 1, '2026-03-03 08:04:06'),
(751, 61, 3, 1, '2026-03-03 08:04:06'),
(752, 61, 4, 1, '2026-03-03 08:04:06'),
(753, 61, 6, 1, '2026-03-03 08:04:06'),
(754, 61, 7, 1, '2026-03-03 08:04:06'),
(755, 61, 8, 1, '2026-03-03 08:04:06'),
(756, 61, 11, 1, '2026-03-03 08:04:06'),
(757, 61, 12, 1, '2026-03-03 08:04:06'),
(758, 61, 13, 1, '2026-03-03 08:04:06'),
(759, 61, 14, 1, '2026-03-03 08:04:06'),
(760, 61, 15, 1, '2026-03-03 08:04:06'),
(761, 61, 16, 1, '2026-03-03 08:04:06'),
(762, 61, 17, 1, '2026-03-03 08:04:06'),
(763, 61, 20, 1, '2026-03-03 08:04:06'),
(764, 61, 22, 1, '2026-03-03 08:04:06'),
(765, 61, 25, 1, '2026-03-03 08:04:06'),
(766, 61, 26, 1, '2026-03-03 08:04:06'),
(767, 62, 1, 1, '2026-03-03 08:04:06'),
(768, 62, 2, 1, '2026-03-03 08:04:06'),
(769, 62, 3, 1, '2026-03-03 08:04:06'),
(770, 62, 4, 1, '2026-03-03 08:04:06'),
(771, 62, 6, 1, '2026-03-03 08:04:06'),
(772, 62, 7, 1, '2026-03-03 08:04:06'),
(773, 62, 8, 1, '2026-03-03 08:04:06'),
(774, 62, 12, 1, '2026-03-03 08:04:06'),
(775, 62, 13, 1, '2026-03-03 08:04:06'),
(776, 62, 14, 1, '2026-03-03 08:04:06'),
(777, 62, 15, 1, '2026-03-03 08:04:06'),
(778, 62, 16, 1, '2026-03-03 08:04:06'),
(779, 62, 20, 1, '2026-03-03 08:04:06'),
(780, 62, 28, 1, '2026-03-03 08:04:06'),
(781, 62, 38, 1, '2026-03-03 08:04:06'),
(782, 63, 1, 1, '2026-03-03 08:04:06'),
(783, 63, 2, 1, '2026-03-03 08:04:06'),
(784, 63, 3, 1, '2026-03-03 08:04:06'),
(785, 63, 4, 1, '2026-03-03 08:04:06'),
(786, 63, 6, 1, '2026-03-03 08:04:06'),
(787, 63, 11, 1, '2026-03-03 08:04:06'),
(788, 63, 16, 1, '2026-03-03 08:04:06'),
(789, 63, 17, 1, '2026-03-03 08:04:06'),
(790, 63, 20, 1, '2026-03-03 08:04:06'),
(791, 63, 27, 1, '2026-03-03 08:04:06'),
(792, 63, 28, 1, '2026-03-03 08:04:06'),
(793, 63, 35, 1, '2026-03-03 08:04:06'),
(794, 63, 37, 1, '2026-03-03 08:04:06'),
(795, 64, 1, 1, '2026-03-03 08:04:06'),
(796, 64, 2, 1, '2026-03-03 08:04:06'),
(797, 64, 3, 1, '2026-03-03 08:04:06'),
(798, 64, 4, 1, '2026-03-03 08:04:06'),
(799, 64, 6, 1, '2026-03-03 08:04:06'),
(800, 64, 11, 1, '2026-03-03 08:04:06'),
(801, 64, 12, 1, '2026-03-03 08:04:06'),
(802, 64, 13, 1, '2026-03-03 08:04:06'),
(803, 64, 16, 1, '2026-03-03 08:04:06'),
(804, 64, 17, 1, '2026-03-03 08:04:06'),
(805, 64, 20, 1, '2026-03-03 08:04:06'),
(806, 64, 22, 1, '2026-03-03 08:04:06'),
(807, 64, 25, 1, '2026-03-03 08:04:06'),
(808, 64, 28, 1, '2026-03-03 08:04:06'),
(809, 65, 1, 1, '2026-03-03 08:04:06'),
(810, 65, 2, 1, '2026-03-03 08:04:06'),
(811, 65, 3, 1, '2026-03-03 08:04:06'),
(812, 65, 4, 1, '2026-03-03 08:04:06'),
(813, 65, 6, 1, '2026-03-03 08:04:06'),
(814, 65, 11, 1, '2026-03-03 08:04:06'),
(815, 65, 12, 1, '2026-03-03 08:04:06'),
(816, 65, 13, 1, '2026-03-03 08:04:06'),
(817, 65, 16, 1, '2026-03-03 08:04:06'),
(818, 65, 17, 1, '2026-03-03 08:04:06'),
(819, 65, 20, 1, '2026-03-03 08:04:06'),
(820, 65, 27, 1, '2026-03-03 08:04:06'),
(821, 65, 28, 1, '2026-03-03 08:04:06'),
(822, 66, 1, 1, '2026-03-03 08:04:06'),
(823, 66, 2, 1, '2026-03-03 08:04:06'),
(824, 66, 3, 1, '2026-03-03 08:04:06'),
(825, 66, 4, 1, '2026-03-03 08:04:06'),
(826, 66, 6, 1, '2026-03-03 08:04:06'),
(827, 66, 11, 1, '2026-03-03 08:04:06'),
(828, 66, 12, 1, '2026-03-03 08:04:06'),
(829, 66, 16, 1, '2026-03-03 08:04:06'),
(830, 66, 17, 1, '2026-03-03 08:04:06'),
(831, 66, 20, 1, '2026-03-03 08:04:06'),
(832, 66, 21, 1, '2026-03-03 08:04:06'),
(833, 66, 27, 1, '2026-03-03 08:04:06'),
(834, 67, 1, 1, '2026-03-03 08:04:06'),
(835, 67, 2, 1, '2026-03-03 08:04:06'),
(836, 67, 3, 1, '2026-03-03 08:04:06'),
(837, 67, 4, 1, '2026-03-03 08:04:06'),
(838, 67, 5, 1, '2026-03-03 08:04:06'),
(839, 67, 6, 1, '2026-03-03 08:04:06'),
(840, 67, 11, 1, '2026-03-03 08:04:06'),
(841, 67, 12, 1, '2026-03-03 08:04:06'),
(842, 67, 13, 1, '2026-03-03 08:04:06'),
(843, 67, 16, 1, '2026-03-03 08:04:06'),
(844, 67, 17, 1, '2026-03-03 08:04:06'),
(845, 67, 20, 1, '2026-03-03 08:04:06'),
(846, 67, 27, 1, '2026-03-03 08:04:06'),
(847, 68, 1, 1, '2026-03-03 08:04:06'),
(848, 68, 2, 1, '2026-03-03 08:04:06'),
(849, 68, 3, 1, '2026-03-03 08:04:06'),
(850, 68, 4, 1, '2026-03-03 08:04:06'),
(851, 68, 6, 1, '2026-03-03 08:04:06'),
(852, 68, 11, 1, '2026-03-03 08:04:06'),
(853, 68, 12, 1, '2026-03-03 08:04:06'),
(854, 68, 13, 1, '2026-03-03 08:04:06'),
(855, 68, 16, 1, '2026-03-03 08:04:06'),
(856, 68, 17, 1, '2026-03-03 08:04:06'),
(857, 68, 20, 1, '2026-03-03 08:04:06'),
(858, 68, 27, 1, '2026-03-03 08:04:06'),
(859, 68, 36, 1, '2026-03-03 08:04:06'),
(860, 69, 1, 1, '2026-03-03 08:04:06'),
(861, 69, 5, 1, '2026-03-03 08:04:06'),
(862, 69, 11, 1, '2026-03-03 08:04:06'),
(863, 69, 12, 1, '2026-03-03 08:04:06'),
(864, 69, 13, 1, '2026-03-03 08:04:06'),
(865, 69, 17, 1, '2026-03-03 08:04:06'),
(866, 69, 20, 1, '2026-03-03 08:04:06'),
(867, 69, 27, 1, '2026-03-03 08:04:06'),
(868, 69, 36, 1, '2026-03-03 08:04:06'),
(869, 70, 1, 1, '2026-03-03 08:04:06'),
(870, 70, 2, 1, '2026-03-03 08:04:06'),
(871, 70, 3, 1, '2026-03-03 08:04:06'),
(872, 70, 4, 1, '2026-03-03 08:04:06'),
(873, 70, 6, 1, '2026-03-03 08:04:06'),
(874, 70, 11, 1, '2026-03-03 08:04:06'),
(875, 70, 12, 1, '2026-03-03 08:04:06'),
(876, 70, 13, 1, '2026-03-03 08:04:06'),
(877, 70, 16, 1, '2026-03-03 08:04:06'),
(878, 70, 17, 1, '2026-03-03 08:04:06'),
(879, 70, 20, 1, '2026-03-03 08:04:06'),
(880, 70, 21, 1, '2026-03-03 08:04:06'),
(881, 70, 22, 1, '2026-03-03 08:04:06'),
(882, 70, 28, 1, '2026-03-03 08:04:06'),
(883, 71, 1, 1, '2026-03-03 08:04:06'),
(884, 71, 13, 1, '2026-03-03 08:04:06'),
(885, 71, 20, 1, '2026-03-03 08:04:06'),
(886, 71, 28, 1, '2026-03-03 08:04:06'),
(887, 71, 30, 1, '2026-03-03 08:04:06'),
(888, 72, 1, 1, '2026-03-03 08:04:06'),
(889, 72, 2, 1, '2026-03-03 08:04:06'),
(890, 72, 3, 1, '2026-03-03 08:04:06'),
(891, 72, 4, 1, '2026-03-03 08:04:06'),
(892, 72, 6, 1, '2026-03-03 08:04:06'),
(893, 72, 13, 1, '2026-03-03 08:04:06'),
(894, 72, 16, 1, '2026-03-03 08:04:06'),
(895, 72, 20, 1, '2026-03-03 08:04:06'),
(896, 72, 24, 1, '2026-03-03 08:04:06'),
(897, 72, 33, 1, '2026-03-03 08:04:06'),
(898, 73, 1, 1, '2026-03-03 08:04:06'),
(899, 73, 2, 1, '2026-03-03 08:04:06'),
(900, 73, 3, 1, '2026-03-03 08:04:06'),
(901, 73, 4, 1, '2026-03-03 08:04:06'),
(902, 73, 6, 1, '2026-03-03 08:04:06'),
(903, 73, 11, 1, '2026-03-03 08:04:06'),
(904, 73, 12, 1, '2026-03-03 08:04:06'),
(905, 73, 13, 1, '2026-03-03 08:04:06'),
(906, 73, 16, 1, '2026-03-03 08:04:06'),
(907, 73, 17, 1, '2026-03-03 08:04:06'),
(908, 73, 20, 1, '2026-03-03 08:04:06'),
(909, 73, 22, 1, '2026-03-03 08:04:06'),
(910, 73, 27, 1, '2026-03-03 08:04:06'),
(911, 73, 28, 1, '2026-03-03 08:04:06'),
(912, 74, 1, 1, '2026-03-03 08:04:06'),
(913, 74, 2, 1, '2026-03-03 08:04:06'),
(914, 74, 3, 1, '2026-03-03 08:04:06'),
(915, 74, 4, 1, '2026-03-03 08:04:06'),
(916, 74, 5, 1, '2026-03-03 08:04:06'),
(917, 74, 6, 1, '2026-03-03 08:04:06'),
(918, 74, 11, 1, '2026-03-03 08:04:06'),
(919, 74, 13, 1, '2026-03-03 08:04:06'),
(920, 74, 16, 1, '2026-03-03 08:04:06'),
(921, 74, 17, 1, '2026-03-03 08:04:06'),
(922, 74, 20, 1, '2026-03-03 08:04:06'),
(923, 74, 27, 1, '2026-03-03 08:04:06'),
(924, 74, 36, 1, '2026-03-03 08:04:06'),
(925, 75, 1, 1, '2026-03-03 08:04:06'),
(926, 75, 2, 1, '2026-03-03 08:04:06'),
(927, 75, 3, 1, '2026-03-03 08:04:06'),
(928, 75, 4, 1, '2026-03-03 08:04:06'),
(929, 75, 6, 1, '2026-03-03 08:04:06'),
(930, 75, 13, 1, '2026-03-03 08:04:06'),
(931, 75, 16, 1, '2026-03-03 08:04:06'),
(932, 75, 20, 1, '2026-03-03 08:04:06'),
(933, 76, 1, 1, '2026-03-03 08:04:06'),
(934, 76, 2, 1, '2026-03-03 08:04:06'),
(935, 76, 3, 1, '2026-03-03 08:04:06'),
(936, 76, 4, 1, '2026-03-03 08:04:06'),
(937, 76, 6, 1, '2026-03-03 08:04:06'),
(938, 76, 11, 1, '2026-03-03 08:04:06'),
(939, 76, 13, 1, '2026-03-03 08:04:06'),
(940, 76, 16, 1, '2026-03-03 08:04:06'),
(941, 76, 17, 1, '2026-03-03 08:04:06'),
(942, 76, 20, 1, '2026-03-03 08:04:06'),
(943, 76, 27, 1, '2026-03-03 08:04:06'),
(944, 76, 36, 1, '2026-03-03 08:04:06'),
(945, 77, 1, 1, '2026-03-03 08:04:06'),
(946, 77, 2, 1, '2026-03-03 08:04:06'),
(947, 77, 3, 1, '2026-03-03 08:04:06'),
(948, 77, 4, 1, '2026-03-03 08:04:06'),
(949, 77, 5, 1, '2026-03-03 08:04:06'),
(950, 77, 6, 1, '2026-03-03 08:04:06'),
(951, 77, 11, 1, '2026-03-03 08:04:06'),
(952, 77, 12, 1, '2026-03-03 08:04:06'),
(953, 77, 13, 1, '2026-03-03 08:04:06'),
(954, 77, 16, 1, '2026-03-03 08:04:06'),
(955, 77, 17, 1, '2026-03-03 08:04:06'),
(956, 77, 20, 1, '2026-03-03 08:04:06'),
(957, 77, 27, 1, '2026-03-03 08:04:06'),
(958, 77, 36, 1, '2026-03-03 08:04:06'),
(959, 78, 1, 1, '2026-03-03 08:04:06'),
(960, 78, 2, 1, '2026-03-03 08:04:06'),
(961, 78, 3, 1, '2026-03-03 08:04:06'),
(962, 78, 4, 1, '2026-03-03 08:04:06'),
(963, 78, 6, 1, '2026-03-03 08:04:06'),
(964, 78, 12, 1, '2026-03-03 08:04:06'),
(965, 78, 13, 1, '2026-03-03 08:04:06'),
(966, 78, 16, 1, '2026-03-03 08:04:06'),
(967, 78, 20, 1, '2026-03-03 08:04:06'),
(968, 78, 28, 1, '2026-03-03 08:04:06'),
(969, 79, 1, 1, '2026-03-03 08:04:06'),
(970, 79, 2, 1, '2026-03-03 08:04:06'),
(971, 79, 3, 1, '2026-03-03 08:04:06'),
(972, 79, 4, 1, '2026-03-03 08:04:06'),
(973, 79, 6, 1, '2026-03-03 08:04:06'),
(974, 79, 11, 1, '2026-03-03 08:04:06'),
(975, 79, 13, 1, '2026-03-03 08:04:06'),
(976, 79, 16, 1, '2026-03-03 08:04:06'),
(977, 79, 17, 1, '2026-03-03 08:04:06'),
(978, 79, 20, 1, '2026-03-03 08:04:06'),
(979, 79, 27, 1, '2026-03-03 08:04:06'),
(980, 79, 28, 1, '2026-03-03 08:04:06'),
(981, 80, 1, 1, '2026-03-03 08:04:06'),
(982, 80, 2, 1, '2026-03-03 08:04:06'),
(983, 80, 3, 1, '2026-03-03 08:04:06'),
(984, 80, 4, 1, '2026-03-03 08:04:06'),
(985, 80, 6, 1, '2026-03-03 08:04:06'),
(986, 80, 16, 1, '2026-03-03 08:04:06'),
(987, 80, 20, 1, '2026-03-03 08:04:06'),
(988, 80, 24, 1, '2026-03-03 08:04:06'),
(989, 80, 33, 1, '2026-03-03 08:04:06'),
(990, 81, 1, 1, '2026-03-03 08:04:06'),
(991, 81, 2, 1, '2026-03-03 08:04:06'),
(992, 81, 3, 1, '2026-03-03 08:04:06'),
(993, 81, 4, 1, '2026-03-03 08:04:06'),
(994, 81, 6, 1, '2026-03-03 08:04:06'),
(995, 81, 11, 1, '2026-03-03 08:04:06'),
(996, 81, 12, 1, '2026-03-03 08:04:06'),
(997, 81, 13, 1, '2026-03-03 08:04:06'),
(998, 81, 16, 1, '2026-03-03 08:04:06'),
(999, 81, 17, 1, '2026-03-03 08:04:06'),
(1000, 81, 20, 1, '2026-03-03 08:04:06'),
(1001, 81, 27, 1, '2026-03-03 08:04:06'),
(1002, 81, 28, 1, '2026-03-03 08:04:06'),
(1003, 81, 35, 1, '2026-03-03 08:04:06'),
(1004, 81, 37, 1, '2026-03-03 08:04:06'),
(1005, 81, 38, 1, '2026-03-03 08:04:06'),
(1006, 82, 1, 1, '2026-03-03 08:04:06'),
(1007, 82, 2, 1, '2026-03-03 08:04:06'),
(1008, 82, 3, 1, '2026-03-03 08:04:06'),
(1009, 82, 4, 1, '2026-03-03 08:04:06'),
(1010, 82, 5, 1, '2026-03-03 08:04:06'),
(1011, 82, 6, 1, '2026-03-03 08:04:06'),
(1012, 82, 11, 1, '2026-03-03 08:04:06'),
(1013, 82, 13, 1, '2026-03-03 08:04:06'),
(1014, 82, 16, 1, '2026-03-03 08:04:06'),
(1015, 82, 17, 1, '2026-03-03 08:04:06'),
(1016, 82, 20, 1, '2026-03-03 08:04:06'),
(1017, 82, 27, 1, '2026-03-03 08:04:06'),
(1018, 82, 28, 1, '2026-03-03 08:04:06'),
(1019, 83, 1, 1, '2026-03-03 08:04:06'),
(1020, 83, 2, 1, '2026-03-03 08:04:06'),
(1021, 83, 3, 1, '2026-03-03 08:04:06'),
(1022, 83, 4, 1, '2026-03-03 08:04:06'),
(1023, 83, 6, 1, '2026-03-03 08:04:06'),
(1024, 83, 11, 1, '2026-03-03 08:04:06'),
(1025, 83, 13, 1, '2026-03-03 08:04:06'),
(1026, 83, 16, 1, '2026-03-03 08:04:06'),
(1027, 83, 17, 1, '2026-03-03 08:04:06'),
(1028, 83, 20, 1, '2026-03-03 08:04:06'),
(1029, 83, 27, 1, '2026-03-03 08:04:06'),
(1030, 83, 36, 1, '2026-03-03 08:04:06'),
(1031, 84, 1, 1, '2026-03-03 08:04:06'),
(1032, 84, 2, 1, '2026-03-03 08:04:06'),
(1033, 84, 3, 1, '2026-03-03 08:04:06'),
(1034, 84, 4, 1, '2026-03-03 08:04:06'),
(1035, 84, 6, 1, '2026-03-03 08:04:06'),
(1036, 84, 11, 1, '2026-03-03 08:04:06'),
(1037, 84, 13, 1, '2026-03-03 08:04:06'),
(1038, 84, 16, 1, '2026-03-03 08:04:06'),
(1039, 84, 17, 1, '2026-03-03 08:04:06'),
(1040, 84, 20, 1, '2026-03-03 08:04:06'),
(1041, 84, 27, 1, '2026-03-03 08:04:06'),
(1042, 84, 28, 1, '2026-03-03 08:04:06'),
(1043, 85, 1, 1, '2026-03-03 08:04:06'),
(1044, 85, 2, 1, '2026-03-03 08:04:06'),
(1045, 85, 3, 1, '2026-03-03 08:04:06'),
(1046, 85, 4, 1, '2026-03-03 08:04:06'),
(1047, 85, 5, 1, '2026-03-03 08:04:06'),
(1048, 85, 6, 1, '2026-03-03 08:04:06'),
(1049, 85, 11, 1, '2026-03-03 08:04:06'),
(1050, 85, 13, 1, '2026-03-03 08:04:06'),
(1051, 85, 16, 1, '2026-03-03 08:04:06'),
(1052, 85, 17, 1, '2026-03-03 08:04:06'),
(1053, 85, 20, 1, '2026-03-03 08:04:06'),
(1054, 85, 27, 1, '2026-03-03 08:04:06'),
(1055, 85, 36, 1, '2026-03-03 08:04:06'),
(1056, 86, 1, 1, '2026-03-03 08:04:06'),
(1057, 86, 2, 1, '2026-03-03 08:04:06'),
(1058, 86, 3, 1, '2026-03-03 08:04:06'),
(1059, 86, 4, 1, '2026-03-03 08:04:06'),
(1060, 86, 6, 1, '2026-03-03 08:04:06'),
(1061, 86, 11, 1, '2026-03-03 08:04:06'),
(1062, 86, 13, 1, '2026-03-03 08:04:06'),
(1063, 86, 16, 1, '2026-03-03 08:04:06'),
(1064, 86, 17, 1, '2026-03-03 08:04:06'),
(1065, 86, 21, 1, '2026-03-03 08:04:06'),
(1066, 86, 23, 1, '2026-03-03 08:04:06'),
(1067, 86, 27, 1, '2026-03-03 08:04:06'),
(1068, 86, 35, 1, '2026-03-03 08:04:06'),
(1069, 86, 36, 1, '2026-03-03 08:04:06'),
(1070, 87, 1, 1, '2026-03-03 08:04:06'),
(1071, 87, 7, 1, '2026-03-03 08:04:06'),
(1072, 87, 8, 1, '2026-03-03 08:04:06'),
(1073, 87, 13, 1, '2026-03-03 08:04:06'),
(1074, 87, 14, 1, '2026-03-03 08:04:06'),
(1075, 87, 15, 1, '2026-03-03 08:04:06'),
(1076, 87, 20, 1, '2026-03-03 08:04:06'),
(1077, 87, 21, 1, '2026-03-03 08:04:06'),
(1078, 87, 28, 1, '2026-03-03 08:04:06'),
(1079, 88, 1, 1, '2026-03-03 08:04:06'),
(1080, 88, 2, 1, '2026-03-03 08:04:06'),
(1081, 88, 3, 1, '2026-03-03 08:04:06'),
(1082, 88, 4, 1, '2026-03-03 08:04:06'),
(1083, 88, 5, 1, '2026-03-03 08:04:06'),
(1084, 88, 6, 1, '2026-03-03 08:04:06'),
(1085, 88, 11, 1, '2026-03-03 08:04:06'),
(1086, 88, 13, 1, '2026-03-03 08:04:06'),
(1087, 88, 16, 1, '2026-03-03 08:04:06'),
(1088, 88, 17, 1, '2026-03-03 08:04:06'),
(1089, 88, 20, 1, '2026-03-03 08:04:06'),
(1090, 88, 27, 1, '2026-03-03 08:04:06'),
(1091, 88, 28, 1, '2026-03-03 08:04:06'),
(1092, 88, 39, 1, '2026-03-03 08:04:06'),
(1093, 89, 1, 1, '2026-03-03 08:04:06'),
(1094, 89, 2, 1, '2026-03-03 08:04:06'),
(1095, 89, 3, 1, '2026-03-03 08:04:06'),
(1096, 89, 4, 1, '2026-03-03 08:04:06'),
(1097, 89, 6, 1, '2026-03-03 08:04:06'),
(1098, 89, 7, 1, '2026-03-03 08:04:06'),
(1099, 89, 8, 1, '2026-03-03 08:04:06'),
(1100, 89, 11, 1, '2026-03-03 08:04:06'),
(1101, 89, 12, 1, '2026-03-03 08:04:06'),
(1102, 89, 13, 1, '2026-03-03 08:04:06'),
(1103, 89, 14, 1, '2026-03-03 08:04:06'),
(1104, 89, 15, 1, '2026-03-03 08:04:06'),
(1105, 89, 16, 1, '2026-03-03 08:04:06'),
(1106, 89, 17, 1, '2026-03-03 08:04:06'),
(1107, 89, 20, 1, '2026-03-03 08:04:06'),
(1108, 89, 25, 1, '2026-03-03 08:04:06'),
(1109, 90, 1, 1, '2026-03-03 08:04:06'),
(1110, 90, 2, 1, '2026-03-03 08:04:06'),
(1111, 90, 3, 1, '2026-03-03 08:04:06'),
(1112, 90, 4, 1, '2026-03-03 08:04:06'),
(1113, 90, 6, 1, '2026-03-03 08:04:06'),
(1114, 90, 11, 1, '2026-03-03 08:04:06'),
(1115, 90, 12, 1, '2026-03-03 08:04:06'),
(1116, 90, 16, 1, '2026-03-03 08:04:06'),
(1117, 90, 17, 1, '2026-03-03 08:04:06'),
(1118, 90, 20, 1, '2026-03-03 08:04:06'),
(1119, 90, 25, 1, '2026-03-03 08:04:06'),
(1120, 90, 27, 1, '2026-03-03 08:04:06'),
(1121, 90, 29, 1, '2026-03-03 08:04:06'),
(1122, 91, 1, 1, '2026-03-03 08:04:06'),
(1123, 91, 2, 1, '2026-03-03 08:04:06'),
(1124, 91, 3, 1, '2026-03-03 08:04:06'),
(1125, 91, 4, 1, '2026-03-03 08:04:06'),
(1126, 91, 6, 1, '2026-03-03 08:04:06'),
(1127, 91, 11, 1, '2026-03-03 08:04:06'),
(1128, 91, 12, 1, '2026-03-03 08:04:06'),
(1129, 91, 13, 1, '2026-03-03 08:04:06'),
(1130, 91, 16, 1, '2026-03-03 08:04:06'),
(1131, 91, 17, 1, '2026-03-03 08:04:06'),
(1132, 91, 20, 1, '2026-03-03 08:04:06'),
(1133, 91, 27, 1, '2026-03-03 08:04:06'),
(1134, 92, 1, 1, '2026-03-03 08:04:06'),
(1135, 92, 2, 1, '2026-03-03 08:04:06'),
(1136, 92, 3, 1, '2026-03-03 08:04:06'),
(1137, 92, 4, 1, '2026-03-03 08:04:06'),
(1138, 92, 6, 1, '2026-03-03 08:04:06'),
(1139, 92, 11, 1, '2026-03-03 08:04:06'),
(1140, 92, 13, 1, '2026-03-03 08:04:06'),
(1141, 92, 16, 1, '2026-03-03 08:04:06'),
(1142, 92, 17, 1, '2026-03-03 08:04:06'),
(1143, 92, 20, 1, '2026-03-03 08:04:06'),
(1144, 92, 27, 1, '2026-03-03 08:04:06'),
(1145, 92, 36, 1, '2026-03-03 08:04:06'),
(1146, 93, 1, 1, '2026-03-03 08:04:06'),
(1147, 93, 2, 1, '2026-03-03 08:04:06'),
(1148, 93, 3, 1, '2026-03-03 08:04:06'),
(1149, 93, 4, 1, '2026-03-03 08:04:06'),
(1150, 93, 6, 1, '2026-03-03 08:04:06'),
(1151, 93, 11, 1, '2026-03-03 08:04:06'),
(1152, 93, 12, 1, '2026-03-03 08:04:06'),
(1153, 93, 13, 1, '2026-03-03 08:04:06'),
(1154, 93, 16, 1, '2026-03-03 08:04:06'),
(1155, 93, 17, 1, '2026-03-03 08:04:06'),
(1156, 93, 20, 1, '2026-03-03 08:04:06'),
(1157, 93, 27, 1, '2026-03-03 08:04:06'),
(1158, 93, 35, 1, '2026-03-03 08:04:06'),
(1159, 93, 38, 1, '2026-03-03 08:04:06'),
(1160, 94, 1, 1, '2026-03-03 08:04:06'),
(1161, 94, 2, 1, '2026-03-03 08:04:06'),
(1162, 94, 3, 1, '2026-03-03 08:04:06'),
(1163, 94, 4, 1, '2026-03-03 08:04:06'),
(1164, 94, 5, 1, '2026-03-03 08:04:06'),
(1165, 94, 6, 1, '2026-03-03 08:04:06'),
(1166, 94, 11, 1, '2026-03-03 08:04:06'),
(1167, 94, 13, 1, '2026-03-03 08:04:06'),
(1168, 94, 16, 1, '2026-03-03 08:04:06'),
(1169, 94, 17, 1, '2026-03-03 08:04:06'),
(1170, 94, 20, 1, '2026-03-03 08:04:06'),
(1171, 94, 27, 1, '2026-03-03 08:04:06'),
(1172, 95, 1, 1, '2026-03-03 08:04:06'),
(1173, 95, 13, 1, '2026-03-03 08:04:06'),
(1174, 95, 20, 1, '2026-03-03 08:04:06'),
(1175, 95, 28, 1, '2026-03-03 08:04:06'),
(1176, 96, 1, 1, '2026-03-03 08:04:06'),
(1177, 96, 2, 1, '2026-03-03 08:04:06'),
(1178, 96, 3, 1, '2026-03-03 08:04:06'),
(1179, 96, 4, 1, '2026-03-03 08:04:06'),
(1180, 96, 6, 1, '2026-03-03 08:04:06'),
(1181, 96, 16, 1, '2026-03-03 08:04:06'),
(1182, 96, 20, 1, '2026-03-03 08:04:06'),
(1183, 96, 28, 1, '2026-03-03 08:04:06'),
(1184, 97, 1, 1, '2026-03-03 08:04:06'),
(1185, 97, 2, 1, '2026-03-03 08:04:06'),
(1186, 97, 3, 1, '2026-03-03 08:04:06'),
(1187, 97, 4, 1, '2026-03-03 08:04:06'),
(1188, 97, 5, 1, '2026-03-03 08:04:06'),
(1189, 97, 6, 1, '2026-03-03 08:04:06'),
(1190, 97, 11, 1, '2026-03-03 08:04:06'),
(1191, 97, 13, 1, '2026-03-03 08:04:06'),
(1192, 97, 16, 1, '2026-03-03 08:04:06'),
(1193, 97, 17, 1, '2026-03-03 08:04:06'),
(1194, 97, 20, 1, '2026-03-03 08:04:06'),
(1195, 97, 27, 1, '2026-03-03 08:04:06'),
(1196, 97, 36, 1, '2026-03-03 08:04:06'),
(1197, 98, 1, 1, '2026-03-03 08:04:06'),
(1198, 98, 2, 1, '2026-03-03 08:04:06'),
(1199, 98, 3, 1, '2026-03-03 08:04:06'),
(1200, 98, 4, 1, '2026-03-03 08:04:06'),
(1201, 98, 6, 1, '2026-03-03 08:04:06'),
(1202, 98, 7, 1, '2026-03-03 08:04:06'),
(1203, 98, 8, 1, '2026-03-03 08:04:06'),
(1204, 98, 13, 1, '2026-03-03 08:04:06'),
(1205, 98, 14, 1, '2026-03-03 08:04:06'),
(1206, 98, 15, 1, '2026-03-03 08:04:06'),
(1207, 98, 16, 1, '2026-03-03 08:04:06'),
(1208, 98, 20, 1, '2026-03-03 08:04:06'),
(1209, 98, 28, 1, '2026-03-03 08:04:06'),
(1210, 98, 30, 1, '2026-03-03 08:04:06'),
(1211, 99, 1, 1, '2026-03-03 08:04:06'),
(1212, 99, 2, 1, '2026-03-03 08:04:06'),
(1213, 99, 3, 1, '2026-03-03 08:04:06'),
(1214, 99, 4, 1, '2026-03-03 08:04:06'),
(1215, 99, 6, 1, '2026-03-03 08:04:06'),
(1216, 99, 9, 1, '2026-03-03 08:04:06'),
(1217, 99, 11, 1, '2026-03-03 08:04:06'),
(1218, 99, 12, 1, '2026-03-03 08:04:06'),
(1219, 99, 13, 1, '2026-03-03 08:04:06'),
(1220, 99, 16, 1, '2026-03-03 08:04:06'),
(1221, 99, 17, 1, '2026-03-03 08:04:06'),
(1222, 99, 20, 1, '2026-03-03 08:04:06'),
(1223, 99, 22, 1, '2026-03-03 08:04:06'),
(1224, 99, 25, 1, '2026-03-03 08:04:06'),
(1225, 99, 36, 1, '2026-03-03 08:04:06'),
(1226, 99, 38, 1, '2026-03-03 08:04:06'),
(1227, 100, 1, 1, '2026-03-03 08:04:06'),
(1228, 100, 2, 1, '2026-03-03 08:04:06'),
(1229, 100, 3, 1, '2026-03-03 08:04:06'),
(1230, 100, 4, 1, '2026-03-03 08:04:06'),
(1231, 100, 5, 1, '2026-03-03 08:04:06'),
(1232, 100, 6, 1, '2026-03-03 08:04:06'),
(1233, 100, 11, 1, '2026-03-03 08:04:06'),
(1234, 100, 12, 1, '2026-03-03 08:04:06'),
(1235, 100, 13, 1, '2026-03-03 08:04:06'),
(1236, 100, 16, 1, '2026-03-03 08:04:06'),
(1237, 100, 17, 1, '2026-03-03 08:04:06'),
(1238, 100, 20, 1, '2026-03-03 08:04:06'),
(1239, 100, 27, 1, '2026-03-03 08:04:06'),
(1240, 101, 1, 1, '2026-03-03 08:04:06'),
(1241, 101, 2, 1, '2026-03-03 08:04:06'),
(1242, 101, 3, 1, '2026-03-03 08:04:06'),
(1243, 101, 4, 1, '2026-03-03 08:04:06'),
(1244, 101, 6, 1, '2026-03-03 08:04:06'),
(1245, 101, 11, 1, '2026-03-03 08:04:06'),
(1246, 101, 12, 1, '2026-03-03 08:04:06'),
(1247, 101, 13, 1, '2026-03-03 08:04:06'),
(1248, 101, 16, 1, '2026-03-03 08:04:06'),
(1249, 101, 17, 1, '2026-03-03 08:04:06'),
(1250, 101, 20, 1, '2026-03-03 08:04:06'),
(1251, 101, 27, 1, '2026-03-03 08:04:06'),
(1252, 101, 36, 1, '2026-03-03 08:04:06'),
(1253, 101, 38, 1, '2026-03-03 08:04:06'),
(1254, 102, 1, 1, '2026-03-03 08:04:06'),
(1255, 102, 2, 1, '2026-03-03 08:04:06'),
(1256, 102, 3, 1, '2026-03-03 08:04:06'),
(1257, 102, 4, 1, '2026-03-03 08:04:06'),
(1258, 102, 6, 1, '2026-03-03 08:04:06'),
(1259, 102, 11, 1, '2026-03-03 08:04:06'),
(1260, 102, 12, 1, '2026-03-03 08:04:06'),
(1261, 102, 16, 1, '2026-03-03 08:04:06'),
(1262, 102, 17, 1, '2026-03-03 08:04:06'),
(1263, 102, 20, 1, '2026-03-03 08:04:06'),
(1264, 102, 21, 1, '2026-03-03 08:04:06'),
(1265, 102, 27, 1, '2026-03-03 08:04:06'),
(1266, 103, 1, 1, '2026-03-03 08:04:06'),
(1267, 103, 11, 1, '2026-03-03 08:04:06'),
(1268, 103, 13, 1, '2026-03-03 08:04:06'),
(1269, 103, 17, 1, '2026-03-03 08:04:06'),
(1270, 103, 20, 1, '2026-03-03 08:04:06'),
(1271, 103, 27, 1, '2026-03-03 08:04:06'),
(1272, 103, 28, 1, '2026-03-03 08:04:06'),
(1273, 103, 35, 1, '2026-03-03 08:04:06'),
(1274, 104, 1, 1, '2026-03-03 08:04:06'),
(1275, 104, 2, 1, '2026-03-03 08:04:06'),
(1276, 104, 3, 1, '2026-03-03 08:04:06'),
(1277, 104, 4, 1, '2026-03-03 08:04:06'),
(1278, 104, 6, 1, '2026-03-03 08:04:06'),
(1279, 104, 11, 1, '2026-03-03 08:04:06'),
(1280, 104, 12, 1, '2026-03-03 08:04:06'),
(1281, 104, 13, 1, '2026-03-03 08:04:06'),
(1282, 104, 16, 1, '2026-03-03 08:04:06'),
(1283, 104, 17, 1, '2026-03-03 08:04:06'),
(1284, 104, 20, 1, '2026-03-03 08:04:06'),
(1285, 104, 27, 1, '2026-03-03 08:04:06'),
(1286, 105, 1, 1, '2026-03-03 08:04:06'),
(1287, 105, 2, 1, '2026-03-03 08:04:06'),
(1288, 105, 3, 1, '2026-03-03 08:04:06'),
(1289, 105, 4, 1, '2026-03-03 08:04:06');
INSERT INTO `recipe_tags` (`id`, `recipe_id`, `tag_id`, `is_safe`, `created_at`) VALUES
(1290, 105, 6, 1, '2026-03-03 08:04:06'),
(1291, 105, 16, 1, '2026-03-03 08:04:06'),
(1292, 105, 20, 1, '2026-03-03 08:04:06'),
(1293, 105, 21, 1, '2026-03-03 08:04:06'),
(1294, 105, 24, 1, '2026-03-03 08:04:06'),
(1295, 105, 28, 1, '2026-03-03 08:04:06'),
(1296, 105, 33, 1, '2026-03-03 08:04:06'),
(1297, 106, 1, 1, '2026-03-03 08:04:06'),
(1298, 106, 2, 1, '2026-03-03 08:04:06'),
(1299, 106, 3, 1, '2026-03-03 08:04:06'),
(1300, 106, 4, 1, '2026-03-03 08:04:06'),
(1301, 106, 5, 1, '2026-03-03 08:04:06'),
(1302, 106, 6, 1, '2026-03-03 08:04:06'),
(1303, 106, 11, 1, '2026-03-03 08:04:06'),
(1304, 106, 13, 1, '2026-03-03 08:04:06'),
(1305, 106, 16, 1, '2026-03-03 08:04:06'),
(1306, 106, 17, 1, '2026-03-03 08:04:06'),
(1307, 106, 20, 1, '2026-03-03 08:04:06'),
(1308, 106, 21, 1, '2026-03-03 08:04:06'),
(1309, 106, 27, 1, '2026-03-03 08:04:06'),
(1310, 106, 28, 1, '2026-03-03 08:04:06'),
(1311, 107, 1, 1, '2026-03-03 08:04:06'),
(1312, 107, 2, 1, '2026-03-03 08:04:06'),
(1313, 107, 3, 1, '2026-03-03 08:04:06'),
(1314, 107, 4, 1, '2026-03-03 08:04:06'),
(1315, 107, 6, 1, '2026-03-03 08:04:06'),
(1316, 107, 11, 1, '2026-03-03 08:04:06'),
(1317, 107, 16, 1, '2026-03-03 08:04:06'),
(1318, 107, 17, 1, '2026-03-03 08:04:06'),
(1319, 107, 20, 1, '2026-03-03 08:04:06'),
(1320, 107, 21, 1, '2026-03-03 08:04:06'),
(1321, 107, 27, 1, '2026-03-03 08:04:06'),
(1322, 108, 1, 1, '2026-03-03 08:04:06'),
(1323, 108, 2, 1, '2026-03-03 08:04:06'),
(1324, 108, 3, 1, '2026-03-03 08:04:06'),
(1325, 108, 4, 1, '2026-03-03 08:04:06'),
(1326, 108, 5, 1, '2026-03-03 08:04:06'),
(1327, 108, 6, 1, '2026-03-03 08:04:06'),
(1328, 108, 11, 1, '2026-03-03 08:04:06'),
(1329, 108, 12, 1, '2026-03-03 08:04:06'),
(1330, 108, 13, 1, '2026-03-03 08:04:06'),
(1331, 108, 16, 1, '2026-03-03 08:04:06'),
(1332, 108, 17, 1, '2026-03-03 08:04:06'),
(1333, 108, 20, 1, '2026-03-03 08:04:06'),
(1334, 108, 27, 1, '2026-03-03 08:04:06'),
(1335, 108, 36, 1, '2026-03-03 08:04:06'),
(1336, 109, 1, 1, '2026-03-03 08:04:06'),
(1337, 109, 2, 1, '2026-03-03 08:04:06'),
(1338, 109, 3, 1, '2026-03-03 08:04:06'),
(1339, 109, 4, 1, '2026-03-03 08:04:06'),
(1340, 109, 6, 1, '2026-03-03 08:04:06'),
(1341, 109, 11, 1, '2026-03-03 08:04:06'),
(1342, 109, 13, 1, '2026-03-03 08:04:06'),
(1343, 109, 16, 1, '2026-03-03 08:04:06'),
(1344, 109, 17, 1, '2026-03-03 08:04:06'),
(1345, 109, 20, 1, '2026-03-03 08:04:06'),
(1346, 109, 27, 1, '2026-03-03 08:04:06'),
(1347, 109, 36, 1, '2026-03-03 08:04:06'),
(1348, 110, 1, 1, '2026-03-03 08:04:06'),
(1349, 110, 7, 1, '2026-03-03 08:04:06'),
(1350, 110, 8, 1, '2026-03-03 08:04:06'),
(1351, 110, 13, 1, '2026-03-03 08:04:06'),
(1352, 110, 14, 1, '2026-03-03 08:04:06'),
(1353, 110, 15, 1, '2026-03-03 08:04:06'),
(1354, 110, 20, 1, '2026-03-03 08:04:06'),
(1355, 110, 21, 1, '2026-03-03 08:04:06'),
(1356, 110, 28, 1, '2026-03-03 08:04:06'),
(1357, 112, 1, 1, '2026-03-03 08:04:06'),
(1358, 112, 2, 1, '2026-03-03 08:04:06'),
(1359, 112, 3, 1, '2026-03-03 08:04:06'),
(1360, 112, 4, 1, '2026-03-03 08:04:06'),
(1361, 112, 6, 1, '2026-03-03 08:04:06'),
(1362, 112, 7, 1, '2026-03-03 08:04:06'),
(1363, 112, 8, 1, '2026-03-03 08:04:06'),
(1364, 112, 9, 1, '2026-03-03 08:04:06'),
(1365, 112, 11, 1, '2026-03-03 08:04:06'),
(1366, 112, 14, 1, '2026-03-03 08:04:06'),
(1367, 112, 15, 1, '2026-03-03 08:04:06'),
(1368, 112, 16, 1, '2026-03-03 08:04:06'),
(1369, 112, 17, 1, '2026-03-03 08:04:06'),
(1370, 112, 20, 1, '2026-03-03 08:04:06'),
(1371, 112, 25, 1, '2026-03-03 08:04:06'),
(1372, 112, 27, 1, '2026-03-03 08:04:06'),
(1373, 113, 1, 1, '2026-03-03 08:04:06'),
(1374, 113, 7, 1, '2026-03-03 08:04:06'),
(1375, 113, 8, 1, '2026-03-03 08:04:06'),
(1376, 113, 11, 1, '2026-03-03 08:04:06'),
(1377, 113, 12, 1, '2026-03-03 08:04:06'),
(1378, 113, 13, 1, '2026-03-03 08:04:06'),
(1379, 113, 14, 1, '2026-03-03 08:04:06'),
(1380, 113, 15, 1, '2026-03-03 08:04:06'),
(1381, 113, 17, 1, '2026-03-03 08:04:06'),
(1382, 113, 20, 1, '2026-03-03 08:04:06'),
(1383, 113, 22, 1, '2026-03-03 08:04:06'),
(1384, 113, 25, 1, '2026-03-03 08:04:06'),
(1385, 114, 1, 1, '2026-03-03 08:04:06'),
(1386, 114, 2, 1, '2026-03-03 08:04:06'),
(1387, 114, 3, 1, '2026-03-03 08:04:06'),
(1388, 114, 4, 1, '2026-03-03 08:04:06'),
(1389, 114, 6, 1, '2026-03-03 08:04:06'),
(1390, 114, 7, 1, '2026-03-03 08:04:06'),
(1391, 114, 8, 1, '2026-03-03 08:04:06'),
(1392, 114, 14, 1, '2026-03-03 08:04:06'),
(1393, 114, 15, 1, '2026-03-03 08:04:06'),
(1394, 114, 16, 1, '2026-03-03 08:04:06'),
(1395, 114, 20, 1, '2026-03-03 08:04:06'),
(1396, 115, 2, 1, '2026-03-03 08:04:06'),
(1397, 115, 3, 1, '2026-03-03 08:04:06'),
(1398, 115, 4, 1, '2026-03-03 08:04:06'),
(1399, 115, 6, 1, '2026-03-03 08:04:06'),
(1400, 115, 7, 1, '2026-03-03 08:04:06'),
(1401, 115, 8, 1, '2026-03-03 08:04:06'),
(1402, 115, 14, 1, '2026-03-03 08:04:06'),
(1403, 115, 15, 1, '2026-03-03 08:04:06'),
(1404, 115, 16, 1, '2026-03-03 08:04:06'),
(1405, 115, 20, 1, '2026-03-03 08:04:06'),
(1406, 116, 1, 1, '2026-03-03 08:04:06'),
(1407, 116, 7, 1, '2026-03-03 08:04:06'),
(1408, 116, 8, 1, '2026-03-03 08:04:06'),
(1409, 116, 9, 1, '2026-03-03 08:04:06'),
(1410, 116, 11, 1, '2026-03-03 08:04:06'),
(1411, 116, 13, 1, '2026-03-03 08:04:06'),
(1412, 116, 14, 1, '2026-03-03 08:04:06'),
(1413, 116, 15, 1, '2026-03-03 08:04:06'),
(1414, 116, 17, 1, '2026-03-03 08:04:06'),
(1415, 116, 20, 1, '2026-03-03 08:04:06'),
(1416, 116, 27, 1, '2026-03-03 08:04:06'),
(1417, 116, 32, 1, '2026-03-03 08:04:06'),
(1418, 117, 1, 1, '2026-03-03 08:04:06'),
(1419, 117, 2, 1, '2026-03-03 08:04:06'),
(1420, 117, 3, 1, '2026-03-03 08:04:06'),
(1421, 117, 4, 1, '2026-03-03 08:04:06'),
(1422, 117, 6, 1, '2026-03-03 08:04:06'),
(1423, 117, 7, 1, '2026-03-03 08:04:06'),
(1424, 117, 8, 1, '2026-03-03 08:04:06'),
(1425, 117, 11, 1, '2026-03-03 08:04:06'),
(1426, 117, 12, 1, '2026-03-03 08:04:06'),
(1427, 117, 13, 1, '2026-03-03 08:04:06'),
(1428, 117, 14, 1, '2026-03-03 08:04:06'),
(1429, 117, 15, 1, '2026-03-03 08:04:06'),
(1430, 117, 16, 1, '2026-03-03 08:04:06'),
(1431, 117, 17, 1, '2026-03-03 08:04:06'),
(1432, 117, 20, 1, '2026-03-03 08:04:06'),
(1433, 117, 22, 1, '2026-03-03 08:04:06'),
(1434, 117, 38, 1, '2026-03-03 08:04:06'),
(1435, 118, 1, 1, '2026-03-03 08:04:06'),
(1436, 118, 2, 1, '2026-03-03 08:04:06'),
(1437, 118, 3, 1, '2026-03-03 08:04:06'),
(1438, 118, 4, 1, '2026-03-03 08:04:06'),
(1439, 118, 6, 1, '2026-03-03 08:04:06'),
(1440, 118, 13, 1, '2026-03-03 08:04:06'),
(1441, 118, 16, 1, '2026-03-03 08:04:06'),
(1442, 118, 20, 1, '2026-03-03 08:04:06'),
(1443, 118, 21, 1, '2026-03-03 08:04:06'),
(1444, 119, 7, 1, '2026-03-03 08:04:06'),
(1445, 119, 8, 1, '2026-03-03 08:04:06'),
(1446, 119, 9, 1, '2026-03-03 08:04:06'),
(1447, 119, 13, 1, '2026-03-03 08:04:06'),
(1448, 119, 14, 1, '2026-03-03 08:04:06'),
(1449, 119, 15, 1, '2026-03-03 08:04:06'),
(1450, 119, 20, 1, '2026-03-03 08:04:06'),
(1451, 119, 24, 1, '2026-03-03 08:04:06'),
(1452, 119, 33, 1, '2026-03-03 08:04:06'),
(1453, 120, 2, 1, '2026-03-03 08:04:06'),
(1454, 120, 3, 1, '2026-03-03 08:04:06'),
(1455, 120, 4, 1, '2026-03-03 08:04:06'),
(1456, 120, 6, 1, '2026-03-03 08:04:06'),
(1457, 120, 7, 1, '2026-03-03 08:04:06'),
(1458, 120, 8, 1, '2026-03-03 08:04:06'),
(1459, 120, 14, 1, '2026-03-03 08:04:06'),
(1460, 120, 15, 1, '2026-03-03 08:04:06'),
(1461, 120, 16, 1, '2026-03-03 08:04:06'),
(1462, 120, 20, 1, '2026-03-03 08:04:06'),
(1463, 120, 28, 1, '2026-03-03 08:04:06'),
(1464, 121, 1, 1, '2026-03-03 08:04:06'),
(1465, 121, 2, 1, '2026-03-03 08:04:06'),
(1466, 121, 3, 1, '2026-03-03 08:04:06'),
(1467, 121, 4, 1, '2026-03-03 08:04:06'),
(1468, 121, 6, 1, '2026-03-03 08:04:06'),
(1469, 121, 11, 1, '2026-03-03 08:04:06'),
(1470, 121, 16, 1, '2026-03-03 08:04:06'),
(1471, 121, 17, 1, '2026-03-03 08:04:06'),
(1472, 121, 20, 1, '2026-03-03 08:04:06'),
(1473, 121, 27, 1, '2026-03-03 08:04:06');

-- --------------------------------------------------------

--
-- Table structure for table `tags`
--

CREATE TABLE `tags` (
  `id` int(11) NOT NULL,
  `name` varchar(100) NOT NULL,
  `type` enum('health_condition','allergen') NOT NULL,
  `description` text DEFAULT NULL,
  `color` varchar(20) DEFAULT '#22c55e',
  `created_at` timestamp NOT NULL DEFAULT current_timestamp()
) ENGINE=InnoDB DEFAULT CHARSET=utf8mb4 COLLATE=utf8mb4_general_ci;

--
-- Dumping data for table `tags`
--

INSERT INTO `tags` (`id`, `name`, `type`, `description`, `color`, `created_at`) VALUES
(1, 'เบาหวาน', 'health_condition', 'ควรหลีกเลี่ยงน้ำตาล แป้งขาว และอาหารที่มี GI สูง', '#ef4444', '2026-02-26 04:52:21'),
(2, 'ความดันโลหิตสูง', 'health_condition', 'ควรลดโซเดียม เกลือ และอาหารรสเค็มจัด', '#dc2626', '2026-02-26 04:52:21'),
(3, 'ไขมันในเลือดสูง', 'health_condition', 'ควรหลีกเลี่ยงไขมันอิ่มตัว และคอเลสเตอรอลสูง', '#f59e0b', '2026-02-26 04:52:21'),
(4, 'โรคหัวใจ', 'health_condition', 'ควรจำกัดไขมันทรานส์ เกลือ และน้ำตาล', '#dc2626', '2026-02-26 04:52:21'),
(5, 'โรคไต', 'health_condition', 'ควรจำกัดโปรตีน โซเดียม โพแทสเซียม และฟอสฟอรัส', '#7c3aed', '2026-02-26 04:52:21'),
(6, 'โรคตับ', 'health_condition', 'ควรหลีกเลี่ยงแอลกอฮอล์ และไขมันสูง', '#ea580c', '2026-02-26 04:52:21'),
(7, 'โรคกระเพาะ', 'health_condition', 'ควรหลีกเลี่ยงอาหารรสจัด เผ็ด เปรี้ยว', '#f97316', '2026-02-26 04:52:21'),
(8, 'โรคกรดไหลย้อน', 'health_condition', 'ควรหลีกเลี่ยงกาแฟ ช็อกโกแลต อาหารมัน', '#fb923c', '2026-02-26 04:52:21'),
(9, 'โรคเก๊าท์', 'health_condition', 'ควรหลีกเลี่ยงเนื้อสัตว์สีแดง เบียร์ และอาหารทะเล', '#be123c', '2026-02-26 04:52:21'),
(10, 'โรคภูมิแพ้', 'health_condition', 'อาจแพ้อาหารบางชนิด ควรระวัง', '#ec4899', '2026-02-26 04:52:21'),
(11, 'โรคไทรอยด์', 'health_condition', 'ควรจำกัดไอโอดีนหรือเพิ่มไอโอดีนตามอาการ', '#8b5cf6', '2026-02-26 04:52:21'),
(12, 'โรคโลหิตจาง', 'health_condition', 'ควรเพิ่มธาตุเหล็ก วิตามิน B12 และโฟเลต', '#e11d48', '2026-02-26 04:52:21'),
(13, 'ท้องผูก', 'health_condition', 'ควรเพิ่มใยอาหารและดื่มน้ำมากๆ', '#a16207', '2026-02-26 04:52:21'),
(14, 'ท้องเสีย', 'health_condition', 'ควรหลีกเลี่ยงอาหารมัน เผ็ด และนม', '#0891b2', '2026-02-26 04:52:21'),
(15, 'โรคลำไส้แปรปรวน', 'health_condition', 'ควรหลีกเลี่ยง FODMAPs สูง', '#2563eb', '2026-02-26 04:52:21'),
(16, 'โรคอ้วน', 'health_condition', 'ควรจำกัดแคลอรี่และเพิ่มการออกกำลังกาย', '#ea580c', '2026-02-26 04:52:21'),
(17, 'โรคกระดูกพรุน', 'health_condition', 'ควรเพิ่มแคลเซียม วิตามิน D', '#64748b', '2026-02-26 04:52:21'),
(18, 'โรคซีเลียค', 'health_condition', 'ต้องหลีกเลี่ยงกลูเตนจากข้าวสาลี', '#b91c1c', '2026-02-26 04:52:21'),
(19, 'โรคแพ้ฮีสตามีน', 'health_condition', 'ควรหลีกเลี่ยงอาหารหมักและปลาเก่า', '#c026d3', '2026-02-26 04:52:21'),
(20, 'ไมเกรน', 'health_condition', 'ควรหลีกเลี่ยงไวน์ ชีส และช็อกโกแลต', '#6366f1', '2026-02-26 04:52:21'),
(21, 'นม/นมวัว', 'allergen', 'แพ้โปรตีนในนมวัว (Lactose intolerance)', '#fbbf24', '2026-02-26 04:52:21'),
(22, 'ไข่', 'allergen', 'แพ้โปรตีนในไข่ไก่', '#fde68a', '2026-02-26 04:52:21'),
(23, 'ถั่วลิสง', 'allergen', 'แพ้ถั่วลิสงและผลิตภัณฑ์', '#d97706', '2026-02-26 04:52:21'),
(24, 'ถั่วเปลือกแข็ง', 'allergen', 'อัลมอนด์ แคชชู วอลนัท เฮเซลนัท', '#ca8a04', '2026-02-26 04:52:21'),
(25, 'ถั่วเหลือง', 'allergen', 'แพ้โปรตีนในถั่วเหลือง', '#a16207', '2026-02-26 04:52:21'),
(26, 'ข้าวสาลี/กลูเตน', 'allergen', 'แพ้โปรตีนกลูเตนในข้าวสาลี', '#92400e', '2026-02-26 04:52:21'),
(27, 'ปลา', 'allergen', 'แพ้โปรตีนในปลาทุกชนิด', '#0891b2', '2026-02-26 04:52:21'),
(28, 'กุ้ง/ปู/หอย', 'allergen', 'แพ้สัตว์น้ำกลุ่ม Shellfish', '#dc2626', '2026-02-26 04:52:21'),
(29, 'งา', 'allergen', 'แพ้เมล็ดงาและน้ำมันงา', '#78350f', '2026-02-26 04:52:21'),
(30, 'ข้าวโพด', 'allergen', 'แพ้โปรตีนในข้าวโพด', '#eab308', '2026-02-26 04:52:21'),
(31, 'กล้วย', 'allergen', 'แพ้โปรตีนในกล้วย (Latex-fruit syndrome)', '#fde047', '2026-02-26 04:52:21'),
(32, 'อะโวคาโด', 'allergen', 'แพ้โปรตีนในอะโวคาโด', '#84cc16', '2026-02-26 04:52:21'),
(33, 'มะม่วง', 'allergen', 'แพ้สาร Urushiol ในมะม่วง', '#facc15', '2026-02-26 04:52:21'),
(34, 'สับปะรด', 'allergen', 'แพ้เอนไซม์ Bromelain', '#fcd34d', '2026-02-26 04:52:21'),
(35, 'มะเขือเทศ', 'allergen', 'แพ้ Histamine ในมะเขือเทศ', '#ef4444', '2026-02-26 04:52:21'),
(36, 'ผักชี', 'allergen', 'แพ้กลิ่นและสารในผักชี', '#22c55e', '2026-02-26 04:52:21'),
(37, 'ซีฟู้ด', 'allergen', 'แพ้อาหารทะเลทั่วไป', '#dc2626', '2026-02-26 04:52:21'),
(38, 'เนื้อหมู', 'allergen', 'แพ้โปรตีนในเนื้อหมู (Alpha-gal syndrome)', '#f472b6', '2026-02-26 04:52:21'),
(39, 'เนื้อแกะ', 'allergen', 'แพ้โปรตีนในเนื้อแกะ', '#9ca3af', '2026-02-26 04:52:21'),
(40, 'กรดเบนโซอิก', 'allergen', 'แพ้สารกันบูด E210-E213', '#dc2626', '2026-02-26 04:52:21');

-- --------------------------------------------------------

--
-- Table structure for table `users`
--

CREATE TABLE `users` (
  `id` int(11) NOT NULL,
  `username` varchar(50) NOT NULL,
  `email` varchar(100) NOT NULL,
  `password_hash` text NOT NULL,
  `created_at` timestamp NOT NULL DEFAULT current_timestamp(),
  `first_name` varchar(100) DEFAULT NULL,
  `last_name` varchar(100) DEFAULT NULL,
  `birth_date` date DEFAULT NULL,
  `profile_image` text DEFAULT NULL,
  `role` int(1) DEFAULT 0
) ENGINE=InnoDB DEFAULT CHARSET=utf8mb4 COLLATE=utf8mb4_general_ci;

--
-- Dumping data for table `users`
--

INSERT INTO `users` (`id`, `username`, `email`, `password_hash`, `created_at`, `first_name`, `last_name`, `birth_date`, `profile_image`, `role`) VALUES
(1, 'HealthyVegan', 'vegan@example.com', 'hash_pass_1', '2026-01-07 06:12:06', NULL, NULL, NULL, NULL, 0),
(2, 'SugarControl', 'sugar@example.com', 'hash_pass_2', '2026-01-07 06:12:06', NULL, NULL, NULL, NULL, 0),
(3, 'admin1', 'admin1@gmail.com', '20f645c703944a0027acf6fad92ec465247842450605c5406b50676ff0dcd5ea', '2026-01-12 07:32:27', 'Akkarapon', 'Pompararat', '2002-12-03', NULL, 0),
(4, 'khachonsak Chann', 'chann@gmail.com', '0993c138bd530848f50a1644b67db4f3878b61784a6e6216fe71136c623e8bc5', '2026-01-15 16:39:02', NULL, NULL, NULL, NULL, 0),
(5, 'Admin Boat', 'AdminBoat@admin.com', '79e1e0b53497777e17e93c5268aa5acca2af1a20df2bdb7d01e8d38f74b1fe18', '2026-02-12 14:17:54', 'Akkarapon', 'Pompararat', NULL, NULL, 1),
(6, 'kajorn', 'kajorn@gmail.com', 'ef92b778bafe771e89245b89ecbc08a44a4e166c06659911881f383d4473e94f', '2026-02-17 14:25:08', 'kajornsak', 'channa', NULL, NULL, 0),
(7, 'khanana', 'heart@admin.com', '71f780a111c4a0c1e744c31a1ae05299a3bd32467dd60caddf4a961ff793d181', '2026-02-19 15:39:41', 'admin', '.', NULL, NULL, 0),
(8, 'data', 'khachonc22@gmail.com', '44bac339ae3a5d63babca7865ede63ce752a7f9895ecbac4f511524b179992c3', '2026-02-21 08:50:40', 'sql', 'data', NULL, NULL, 0),
(9, 'admin', 'admin@admin.com', '8c6976e5b5410415bde908bd4dee15dfb167a9c873fc4bb8a81f6f2ab448a918', '2026-03-04 15:10:20', 'Kha', 'chon', NULL, NULL, 0),
(10, 'aab', 'aa@gmail.com', 'a9e6f36035dbb98ca558ab151fd95e7f082d44f045f8eac36ace83374e96d333', '2026-03-04 15:14:39', 'aa', 'bb', NULL, NULL, 0);

-- --------------------------------------------------------

--
-- Table structure for table `user_allergies`
--

CREATE TABLE `user_allergies` (
  `user_id` int(11) NOT NULL,
  `ingredient_id` int(11) NOT NULL
) ENGINE=InnoDB DEFAULT CHARSET=utf8mb4 COLLATE=utf8mb4_general_ci;

--
-- Dumping data for table `user_allergies`
--

INSERT INTO `user_allergies` (`user_id`, `ingredient_id`) VALUES
(1, 2);

-- --------------------------------------------------------

--
-- Table structure for table `user_favorites`
--

CREATE TABLE `user_favorites` (
  `id` int(11) NOT NULL,
  `user_id` int(11) NOT NULL,
  `recipe_id` int(11) NOT NULL,
  `created_at` timestamp NOT NULL DEFAULT current_timestamp()
) ENGINE=InnoDB DEFAULT CHARSET=utf8mb4 COLLATE=utf8mb4_general_ci;

-- --------------------------------------------------------

--
-- Table structure for table `user_interactions`
--

CREATE TABLE `user_interactions` (
  `id` bigint(20) NOT NULL,
  `user_id` int(11) DEFAULT NULL,
  `recipe_id` int(11) DEFAULT NULL,
  `interaction_type` varchar(20) DEFAULT NULL,
  `rating` int(11) DEFAULT NULL,
  `created_at` timestamp NOT NULL DEFAULT current_timestamp()
) ENGINE=InnoDB DEFAULT CHARSET=utf8mb4 COLLATE=utf8mb4_general_ci;

--
-- Dumping data for table `user_interactions`
--

INSERT INTO `user_interactions` (`id`, `user_id`, `recipe_id`, `interaction_type`, `rating`, `created_at`) VALUES
(1, 3, 1, 'ai_suggested', NULL, '2026-01-13 04:27:53'),
(2, 3, 3, 'ai_suggested', NULL, '2026-01-13 04:27:53'),
(3, 3, 4, 'ai_suggested', NULL, '2026-01-13 04:27:53'),
(4, 3, 3, 'ai_suggested', NULL, '2026-01-13 04:33:26'),
(5, 3, 5, 'ai_suggested', NULL, '2026-01-13 04:33:26'),
(6, 3, 6, 'ai_suggested', NULL, '2026-01-13 04:33:26'),
(7, 3, 6, 'favorite', NULL, '2026-01-13 04:33:37'),
(8, 3, 6, 'log', NULL, '2026-01-13 04:34:57'),
(9, 3, 3, 'ai_suggested', NULL, '2026-01-13 04:43:53'),
(10, 3, 5, 'ai_suggested', NULL, '2026-01-13 04:43:53'),
(11, 3, 7, 'ai_suggested', NULL, '2026-01-13 04:43:53'),
(12, 3, 3, 'ai_suggested', NULL, '2026-01-13 04:44:07'),
(13, 3, 6, 'ai_suggested', NULL, '2026-01-13 04:44:07'),
(14, 3, 8, 'ai_suggested', NULL, '2026-01-13 04:44:07'),
(15, 3, 8, 'favorite', NULL, '2026-01-13 04:44:12'),
(16, 3, 3, 'ai_suggested', NULL, '2026-01-13 05:00:51'),
(17, 3, 5, 'ai_suggested', NULL, '2026-01-13 05:00:51'),
(18, 3, 9, 'ai_suggested', NULL, '2026-01-13 05:00:51'),
(19, 3, 9, 'log', NULL, '2026-01-13 05:01:00'),
(20, 3, 9, 'favorite', NULL, '2026-01-13 05:01:03'),
(21, 3, 10, 'ai_suggested', NULL, '2026-01-13 05:11:15'),
(22, 3, 10, 'log', NULL, '2026-01-13 05:11:21'),
(23, 3, 13, 'ai_suggested', NULL, '2026-01-13 05:11:59'),
(24, 3, 15, 'ai_suggested', NULL, '2026-01-13 05:11:59'),
(25, 3, 18, 'ai_suggested', NULL, '2026-01-13 05:26:22'),
(26, 3, 18, 'log', NULL, '2026-01-13 06:07:36'),
(27, 4, 21, 'ai_suggested', NULL, '2026-01-15 16:41:35'),
(28, 4, 21, 'log', NULL, '2026-01-15 16:43:25'),
(30, 4, 44, 'ai_suggested', NULL, '2026-01-15 17:29:17'),
(32, 4, 44, 'log', NULL, '2026-01-15 17:37:53'),
(33, 4, 49, 'ai_suggested', NULL, '2026-01-16 07:38:10'),
(34, 4, 50, 'ai_suggested', NULL, '2026-01-16 07:38:10'),
(35, 4, 51, 'ai_suggested', NULL, '2026-01-16 07:38:10'),
(36, 4, 50, 'log', NULL, '2026-01-16 07:45:11'),
(37, 4, 50, 'favorite', NULL, '2026-01-16 07:45:14'),
(38, 4, 65, 'ai_suggested', NULL, '2026-01-16 07:45:56'),
(39, 4, 67, 'ai_suggested', NULL, '2026-01-16 07:54:53'),
(40, 4, 68, 'ai_suggested', NULL, '2026-01-16 07:54:53'),
(41, 4, 69, 'ai_suggested', NULL, '2026-01-16 07:54:53'),
(42, 4, 67, 'log', NULL, '2026-01-16 07:55:01'),
(43, 4, 67, 'favorite', NULL, '2026-01-16 07:55:04'),
(44, 3, 14, 'log', NULL, '2026-01-16 08:33:23'),
(45, 3, 70, 'ai_suggested', NULL, '2026-01-16 08:37:21'),
(46, 3, 71, 'ai_suggested', NULL, '2026-01-16 08:37:21'),
(47, 3, 72, 'ai_suggested', NULL, '2026-01-16 08:37:21'),
(48, 3, 73, 'ai_suggested', NULL, '2026-01-16 08:42:26'),
(49, 3, 74, 'ai_suggested', NULL, '2026-01-16 08:42:26'),
(50, 3, 75, 'ai_suggested', NULL, '2026-01-16 08:42:26'),
(51, 3, 76, 'ai_suggested', NULL, '2026-01-16 09:02:35'),
(52, 3, 77, 'ai_suggested', NULL, '2026-01-16 09:02:35'),
(53, 3, 78, 'ai_suggested', NULL, '2026-01-16 09:02:35'),
(54, 3, 79, 'ai_suggested', NULL, '2026-01-16 09:03:52'),
(55, 3, 80, 'ai_suggested', NULL, '2026-01-16 09:03:52'),
(56, 3, 81, 'ai_suggested', NULL, '2026-01-16 09:03:52'),
(57, 3, 82, 'ai_suggested', NULL, '2026-01-16 09:04:32'),
(58, 3, 83, 'ai_suggested', NULL, '2026-01-16 09:04:32'),
(59, 3, 84, 'ai_suggested', NULL, '2026-01-16 09:04:32'),
(60, 3, 82, 'log', NULL, '2026-01-16 10:58:15'),
(61, 3, 85, 'ai_suggested', NULL, '2026-01-16 11:09:40'),
(62, 3, 86, 'ai_suggested', NULL, '2026-01-16 11:09:40'),
(63, 3, 87, 'ai_suggested', NULL, '2026-01-16 11:09:40'),
(64, 3, 85, 'log', NULL, '2026-01-16 11:28:12'),
(65, 3, 88, 'ai_suggested', NULL, '2026-01-16 12:24:02'),
(66, 3, 89, 'ai_suggested', NULL, '2026-01-16 12:24:02'),
(67, 3, 90, 'ai_suggested', NULL, '2026-01-16 12:24:02'),
(68, 4, 91, 'ai_suggested', NULL, '2026-01-17 04:56:45'),
(69, 4, 92, 'ai_suggested', NULL, '2026-01-17 04:56:45'),
(70, 4, 93, 'ai_suggested', NULL, '2026-01-17 04:56:45'),
(71, 4, 94, 'ai_suggested', NULL, '2026-01-17 04:56:56'),
(72, 4, 95, 'ai_suggested', NULL, '2026-01-17 04:56:56'),
(73, 4, 96, 'ai_suggested', NULL, '2026-01-17 04:56:56'),
(74, 4, 97, 'ai_suggested', NULL, '2026-01-17 05:03:36'),
(75, 4, 98, 'ai_suggested', NULL, '2026-01-17 05:03:36'),
(76, 4, 99, 'ai_suggested', NULL, '2026-01-17 05:03:36'),
(77, 3, 100, 'ai_suggested', NULL, '2026-01-17 05:03:49'),
(78, 3, 101, 'ai_suggested', NULL, '2026-01-17 05:03:49'),
(79, 3, 102, 'ai_suggested', NULL, '2026-01-17 05:03:49'),
(80, 4, 103, 'ai_suggested', NULL, '2026-01-17 05:05:55'),
(81, 4, 104, 'ai_suggested', NULL, '2026-01-17 05:05:55'),
(82, 4, 105, 'ai_suggested', NULL, '2026-01-17 05:05:55'),
(83, 3, 106, 'ai_suggested', NULL, '2026-01-17 05:14:09'),
(84, 3, 107, 'ai_suggested', NULL, '2026-01-17 05:14:09'),
(85, 3, 108, 'ai_suggested', NULL, '2026-01-17 05:14:09'),
(87, 3, 108, 'favorite', NULL, '2026-01-17 06:54:25'),
(89, 3, 106, 'favorite', NULL, '2026-01-17 07:16:42'),
(91, 3, 107, 'favorite', NULL, '2026-01-17 07:25:25'),
(92, 4, 104, 'log', NULL, '2026-01-17 07:28:34'),
(93, 4, 104, 'favorite', NULL, '2026-01-17 07:28:39'),
(94, 4, 109, 'ai_suggested', NULL, '2026-01-17 09:49:58'),
(95, 4, 110, 'ai_suggested', NULL, '2026-01-17 09:49:58'),
(97, 4, 109, 'log', NULL, '2026-01-17 09:50:09'),
(98, 4, 110, 'log', NULL, '2026-01-17 10:21:47'),
(102, 7, 10, 'favorite', NULL, '2026-02-25 06:09:25'),
(103, 7, 19, 'favorite', NULL, '2026-02-25 06:09:28'),
(104, 7, 102, 'favorite', NULL, '2026-02-25 06:09:30'),
(105, 7, 93, 'favorite', NULL, '2026-02-25 06:09:36'),
(107, 7, 8, 'favorite', NULL, '2026-03-03 08:04:51'),
(108, 7, 78, 'favorite', NULL, '2026-03-03 08:18:24');

-- --------------------------------------------------------

--
-- Table structure for table `water_logs`
--

CREATE TABLE `water_logs` (
  `id` int(11) NOT NULL,
  `user_id` int(11) NOT NULL,
  `log_date` date NOT NULL,
  `total_ml` int(11) DEFAULT 0,
  `created_at` timestamp NOT NULL DEFAULT current_timestamp(),
  `updated_at` timestamp NOT NULL DEFAULT current_timestamp() ON UPDATE current_timestamp()
) ENGINE=InnoDB DEFAULT CHARSET=utf8mb4 COLLATE=utf8mb4_general_ci;

--
-- Dumping data for table `water_logs`
--

INSERT INTO `water_logs` (`id`, `user_id`, `log_date`, `total_ml`, `created_at`, `updated_at`) VALUES
(1, 6, '2026-02-21', 2000, '2026-02-21 02:23:08', '2026-02-21 16:25:02'),
(2, 7, '2026-02-24', 1750, '2026-02-24 04:43:33', '2026-02-24 16:23:07'),
(3, 7, '2026-02-25', 1250, '2026-02-25 04:08:19', '2026-02-25 08:54:23'),
(4, 7, '2026-03-03', 1500, '2026-03-03 08:31:53', '2026-03-03 08:48:56'),
(5, 7, '2026-03-04', 500, '2026-03-04 15:03:47', '2026-03-04 15:03:47'),
(6, 9, '2026-03-04', 2000, '2026-03-04 15:51:32', '2026-03-04 15:51:34');

-- --------------------------------------------------------

--
-- Structure for view `recipe_safe_tags`
--
DROP TABLE IF EXISTS `recipe_safe_tags`;

CREATE ALGORITHM=UNDEFINED DEFINER=`root`@`localhost` SQL SECURITY DEFINER VIEW `recipe_safe_tags`  AS SELECT `r`.`id` AS `recipe_id`, `r`.`title` AS `title`, `r`.`calories` AS `calories`, `r`.`image` AS `image`, group_concat(case when `t`.`type` = 'health_condition' and `rt`.`is_safe` = 1 then `t`.`name` end separator ',') AS `safe_for_conditions`, group_concat(case when `t`.`type` = 'allergen' and `rt`.`is_safe` = 0 then `t`.`name` end separator ',') AS `contains_allergens` FROM ((`recipes` `r` left join `recipe_tags` `rt` on(`r`.`id` = `rt`.`recipe_id`)) left join `tags` `t` on(`rt`.`tag_id` = `t`.`id`)) GROUP BY `r`.`id` ;

--
-- Indexes for dumped tables
--

--
-- Indexes for table `ai_saved_menus`
--
ALTER TABLE `ai_saved_menus`
  ADD PRIMARY KEY (`id`),
  ADD KEY `user_id` (`user_id`);

--
-- Indexes for table `chat_logs`
--
ALTER TABLE `chat_logs`
  ADD PRIMARY KEY (`id`),
  ADD KEY `user_id` (`user_id`);

--
-- Indexes for table `health_profiles`
--
ALTER TABLE `health_profiles`
  ADD PRIMARY KEY (`user_id`);

--
-- Indexes for table `ingredients`
--
ALTER TABLE `ingredients`
  ADD PRIMARY KEY (`id`),
  ADD UNIQUE KEY `name` (`name`);

--
-- Indexes for table `meal_logs`
--
ALTER TABLE `meal_logs`
  ADD PRIMARY KEY (`id`),
  ADD KEY `user_id` (`user_id`),
  ADD KEY `recipe_id` (`recipe_id`);

--
-- Indexes for table `news`
--
ALTER TABLE `news`
  ADD PRIMARY KEY (`id`);

--
-- Indexes for table `recipes`
--
ALTER TABLE `recipes`
  ADD PRIMARY KEY (`id`),
  ADD KEY `fk_recipe_creator` (`created_by`);

--
-- Indexes for table `recipe_ingredients`
--
ALTER TABLE `recipe_ingredients`
  ADD PRIMARY KEY (`recipe_id`,`ingredient_id`),
  ADD KEY `fk_ingredient_link` (`ingredient_id`);

--
-- Indexes for table `recipe_reviews`
--
ALTER TABLE `recipe_reviews`
  ADD PRIMARY KEY (`id`),
  ADD KEY `recipe_id` (`recipe_id`),
  ADD KEY `user_id` (`user_id`),
  ADD KEY `idx_recipe_rating` (`recipe_id`,`rating`),
  ADD KEY `idx_user_recipe` (`user_id`,`recipe_id`);

--
-- Indexes for table `recipe_tags`
--
ALTER TABLE `recipe_tags`
  ADD PRIMARY KEY (`id`),
  ADD UNIQUE KEY `unique_recipe_tag` (`recipe_id`,`tag_id`),
  ADD KEY `idx_recipe` (`recipe_id`),
  ADD KEY `idx_tag` (`tag_id`),
  ADD KEY `idx_safe` (`is_safe`),
  ADD KEY `idx_recipe_tags_recipe_safe` (`recipe_id`,`is_safe`);

--
-- Indexes for table `tags`
--
ALTER TABLE `tags`
  ADD PRIMARY KEY (`id`),
  ADD UNIQUE KEY `unique_tag` (`name`,`type`),
  ADD KEY `idx_type` (`type`),
  ADD KEY `idx_tags_name_type` (`name`,`type`);

--
-- Indexes for table `users`
--
ALTER TABLE `users`
  ADD PRIMARY KEY (`id`),
  ADD UNIQUE KEY `username` (`username`),
  ADD UNIQUE KEY `email` (`email`);

--
-- Indexes for table `user_allergies`
--
ALTER TABLE `user_allergies`
  ADD PRIMARY KEY (`user_id`,`ingredient_id`),
  ADD KEY `fk_ingredient_allergy` (`ingredient_id`);

--
-- Indexes for table `user_favorites`
--
ALTER TABLE `user_favorites`
  ADD PRIMARY KEY (`id`),
  ADD UNIQUE KEY `unique_favorite` (`user_id`,`recipe_id`),
  ADD KEY `recipe_id` (`recipe_id`);

--
-- Indexes for table `user_interactions`
--
ALTER TABLE `user_interactions`
  ADD PRIMARY KEY (`id`),
  ADD KEY `fk_user_interact` (`user_id`),
  ADD KEY `fk_recipe_interact` (`recipe_id`);

--
-- Indexes for table `water_logs`
--
ALTER TABLE `water_logs`
  ADD PRIMARY KEY (`id`),
  ADD UNIQUE KEY `user_date` (`user_id`,`log_date`),
  ADD KEY `idx_user_date` (`user_id`,`log_date`);

--
-- AUTO_INCREMENT for dumped tables
--

--
-- AUTO_INCREMENT for table `ai_saved_menus`
--
ALTER TABLE `ai_saved_menus`
  MODIFY `id` int(11) NOT NULL AUTO_INCREMENT, AUTO_INCREMENT=72;

--
-- AUTO_INCREMENT for table `chat_logs`
--
ALTER TABLE `chat_logs`
  MODIFY `id` int(11) NOT NULL AUTO_INCREMENT, AUTO_INCREMENT=85;

--
-- AUTO_INCREMENT for table `ingredients`
--
ALTER TABLE `ingredients`
  MODIFY `id` int(11) NOT NULL AUTO_INCREMENT, AUTO_INCREMENT=280;

--
-- AUTO_INCREMENT for table `meal_logs`
--
ALTER TABLE `meal_logs`
  MODIFY `id` bigint(20) NOT NULL AUTO_INCREMENT, AUTO_INCREMENT=27;

--
-- AUTO_INCREMENT for table `news`
--
ALTER TABLE `news`
  MODIFY `id` int(11) NOT NULL AUTO_INCREMENT, AUTO_INCREMENT=13;

--
-- AUTO_INCREMENT for table `recipes`
--
ALTER TABLE `recipes`
  MODIFY `id` int(11) NOT NULL AUTO_INCREMENT, AUTO_INCREMENT=130;

--
-- AUTO_INCREMENT for table `recipe_reviews`
--
ALTER TABLE `recipe_reviews`
  MODIFY `id` int(11) NOT NULL AUTO_INCREMENT, AUTO_INCREMENT=2;

--
-- AUTO_INCREMENT for table `recipe_tags`
--
ALTER TABLE `recipe_tags`
  MODIFY `id` int(11) NOT NULL AUTO_INCREMENT, AUTO_INCREMENT=1480;

--
-- AUTO_INCREMENT for table `tags`
--
ALTER TABLE `tags`
  MODIFY `id` int(11) NOT NULL AUTO_INCREMENT, AUTO_INCREMENT=41;

--
-- AUTO_INCREMENT for table `users`
--
ALTER TABLE `users`
  MODIFY `id` int(11) NOT NULL AUTO_INCREMENT, AUTO_INCREMENT=11;

--
-- AUTO_INCREMENT for table `user_favorites`
--
ALTER TABLE `user_favorites`
  MODIFY `id` int(11) NOT NULL AUTO_INCREMENT;

--
-- AUTO_INCREMENT for table `user_interactions`
--
ALTER TABLE `user_interactions`
  MODIFY `id` bigint(20) NOT NULL AUTO_INCREMENT, AUTO_INCREMENT=109;

--
-- AUTO_INCREMENT for table `water_logs`
--
ALTER TABLE `water_logs`
  MODIFY `id` int(11) NOT NULL AUTO_INCREMENT, AUTO_INCREMENT=7;

--
-- Constraints for dumped tables
--

--
-- Constraints for table `ai_saved_menus`
--
ALTER TABLE `ai_saved_menus`
  ADD CONSTRAINT `ai_saved_menus_ibfk_1` FOREIGN KEY (`user_id`) REFERENCES `users` (`id`) ON DELETE CASCADE;

--
-- Constraints for table `chat_logs`
--
ALTER TABLE `chat_logs`
  ADD CONSTRAINT `chat_logs_ibfk_1` FOREIGN KEY (`user_id`) REFERENCES `users` (`id`) ON DELETE CASCADE;

--
-- Constraints for table `health_profiles`
--
ALTER TABLE `health_profiles`
  ADD CONSTRAINT `fk_user_profile` FOREIGN KEY (`user_id`) REFERENCES `users` (`id`) ON DELETE CASCADE;

--
-- Constraints for table `meal_logs`
--
ALTER TABLE `meal_logs`
  ADD CONSTRAINT `meal_logs_ibfk_1` FOREIGN KEY (`user_id`) REFERENCES `users` (`id`) ON DELETE CASCADE,
  ADD CONSTRAINT `meal_logs_ibfk_2` FOREIGN KEY (`recipe_id`) REFERENCES `recipes` (`id`) ON DELETE CASCADE;

--
-- Constraints for table `recipes`
--
ALTER TABLE `recipes`
  ADD CONSTRAINT `fk_recipe_creator` FOREIGN KEY (`created_by`) REFERENCES `users` (`id`) ON DELETE SET NULL;

--
-- Constraints for table `recipe_ingredients`
--
ALTER TABLE `recipe_ingredients`
  ADD CONSTRAINT `fk_ingredient_link` FOREIGN KEY (`ingredient_id`) REFERENCES `ingredients` (`id`) ON DELETE CASCADE,
  ADD CONSTRAINT `fk_recipe_link` FOREIGN KEY (`recipe_id`) REFERENCES `recipes` (`id`) ON DELETE CASCADE;

--
-- Constraints for table `recipe_reviews`
--
ALTER TABLE `recipe_reviews`
  ADD CONSTRAINT `recipe_reviews_ibfk_1` FOREIGN KEY (`recipe_id`) REFERENCES `recipes` (`id`) ON DELETE CASCADE,
  ADD CONSTRAINT `recipe_reviews_ibfk_2` FOREIGN KEY (`user_id`) REFERENCES `users` (`id`) ON DELETE CASCADE;

--
-- Constraints for table `recipe_tags`
--
ALTER TABLE `recipe_tags`
  ADD CONSTRAINT `recipe_tags_ibfk_1` FOREIGN KEY (`recipe_id`) REFERENCES `recipes` (`id`) ON DELETE CASCADE,
  ADD CONSTRAINT `recipe_tags_ibfk_2` FOREIGN KEY (`tag_id`) REFERENCES `tags` (`id`) ON DELETE CASCADE;

--
-- Constraints for table `user_allergies`
--
ALTER TABLE `user_allergies`
  ADD CONSTRAINT `fk_ingredient_allergy` FOREIGN KEY (`ingredient_id`) REFERENCES `ingredients` (`id`) ON DELETE CASCADE,
  ADD CONSTRAINT `fk_user_allergy` FOREIGN KEY (`user_id`) REFERENCES `users` (`id`) ON DELETE CASCADE;

--
-- Constraints for table `user_favorites`
--
ALTER TABLE `user_favorites`
  ADD CONSTRAINT `user_favorites_ibfk_1` FOREIGN KEY (`user_id`) REFERENCES `users` (`id`) ON DELETE CASCADE,
  ADD CONSTRAINT `user_favorites_ibfk_2` FOREIGN KEY (`recipe_id`) REFERENCES `recipes` (`id`) ON DELETE CASCADE;

--
-- Constraints for table `user_interactions`
--
ALTER TABLE `user_interactions`
  ADD CONSTRAINT `fk_recipe_interact` FOREIGN KEY (`recipe_id`) REFERENCES `recipes` (`id`) ON DELETE CASCADE,
  ADD CONSTRAINT `fk_user_interact` FOREIGN KEY (`user_id`) REFERENCES `users` (`id`) ON DELETE CASCADE;

--
-- Constraints for table `water_logs`
--
ALTER TABLE `water_logs`
  ADD CONSTRAINT `water_logs_ibfk_1` FOREIGN KEY (`user_id`) REFERENCES `users` (`id`) ON DELETE CASCADE;
COMMIT;

/*!40101 SET CHARACTER_SET_CLIENT=@OLD_CHARACTER_SET_CLIENT */;
/*!40101 SET CHARACTER_SET_RESULTS=@OLD_CHARACTER_SET_RESULTS */;
/*!40101 SET COLLATION_CONNECTION=@OLD_COLLATION_CONNECTION */;
